Primer_Name_L,Seq_L,Amplicon,Primer_Length_L,Tm_L,Delta Tm_L,exp,GC_Content_L,Length_Longest_Homopolymer_L,Percent_Homopolymer_L,hybrid_score_max_L,hybrid_score_mean_L,hybrid_score_median_L,percent_hybrid_max_L,percent_hybrid_mean_L,percent_hybrid_median_L,hybrid_max_run_max_L,hybrid_max_run_mean_L,hybrid_max_run_median_L,flank_L,Primer_Name_R,Seq_R,Primer_Length_R,Tm_R,Delta Tm_R,GC_Content_R,Length_Longest_Homopolymer_R,Percent_Homopolymer_R,hybrid_score_max_R,hybrid_score_mean_R,hybrid_score_median_R,percent_hybrid_max_R,percent_hybrid_mean_R,percent_hybrid_median_R,hybrid_max_run_max_R,hybrid_max_run_mean_R,hybrid_max_run_median_R,flank_R,sample_id,sample_name,species,strain,n_reads
2_F,CAAGAACGCTAATGCAAGAAGC,2,22,53.16196078263971,1.589546964101963,Ba_LowSH,45.45454545454545,2,0.0,27.4,19.19,18.300000000000004,100.0,61.030303030303024,50.0,5.0,4.1,4.0,F,2_R,ACAAGATGGTGCGTAAT,17,44.932153698968136,6.640260119569612,41.17647058823529,2,0.0,26.0,17.58,16.1,75.0,50.641025641025635,50.0,6.0,3.65,4.0,R,S6,A0706,Ba,,2
2_F,CAAGAACGCTAATGCAAGAAGC,2,22,53.16196078263971,1.589546964101963,Ba_LowSH,45.45454545454545,2,0.0,27.4,19.19,18.300000000000004,100.0,61.030303030303024,50.0,5.0,4.1,4.0,F,2_R,ACAAGATGGTGCGTAAT,17,44.932153698968136,6.640260119569612,41.17647058823529,2,0.0,26.0,17.58,16.1,75.0,50.641025641025635,50.0,6.0,3.65,4.0,R,S2,A0330,Ba,,0
2_F,CAAGAACGCTAATGCAAGAAGC,2,22,53.16196078263971,1.589546964101963,Ba_LowSH,45.45454545454545,2,0.0,27.4,19.19,18.300000000000004,100.0,61.030303030303024,50.0,5.0,4.1,4.0,F,2_R,ACAAGATGGTGCGTAAT,17,44.932153698968136,6.640260119569612,41.17647058823529,2,0.0,26.0,17.58,16.1,75.0,50.641025641025635,50.0,6.0,3.65,4.0,R,S5,A0615,Ba,,1
2_F,CAAGAACGCTAATGCAAGAAGC,2,22,53.16196078263971,1.589546964101963,Ba_LowSH,45.45454545454545,2,0.0,27.4,19.19,18.300000000000004,100.0,61.030303030303024,50.0,5.0,4.1,4.0,F,2_R,ACAAGATGGTGCGTAAT,17,44.932153698968136,6.640260119569612,41.17647058823529,2,0.0,26.0,17.58,16.1,75.0,50.641025641025635,50.0,6.0,3.65,4.0,R,S144,BA-BaBTSeqBa007P2--xx-xxx-xxxx-021-SF,Ba,,37
2_F,ACCAGAGGCAACAGATGAAG,2,20,51.68754598531842,0.9724613785156322,Ba_OkX,50.0,2,0.0,25.4,17.77,17.300000000000004,75.0,47.59206226350189,50.0,5.0,3.5,3.5,F,2_R,CATGCTCAATGCCTACAAGATGG,23,54.14878936891034,3.4337047621075527,47.82608695652174,2,0.0,23.999999999999996,18.51,18.0,100.0,54.94146825396825,50.0,6.0,3.9,4.0,R,S4,A0605,Ba,,1758
2_F,CAAGAACGCTAATGCAAGAAGC,2,22,53.16196078263971,1.589546964101963,Ba_LowSH,45.45454545454545,2,0.0,27.4,19.19,18.300000000000004,100.0,61.030303030303024,50.0,5.0,4.1,4.0,F,2_R,ACAAGATGGTGCGTAAT,17,44.932153698968136,6.640260119569612,41.17647058823529,2,0.0,26.0,17.58,16.1,75.0,50.641025641025635,50.0,6.0,3.65,4.0,R,S4,A0605,Ba,,1758
2_F,ACCAGAGGCAACAGATGAAG,2,20,51.68754598531842,0.9724613785156322,Ba_OkX,50.0,2,0.0,25.4,17.77,17.300000000000004,75.0,47.59206226350189,50.0,5.0,3.5,3.5,F,2_R,CATGCTCAATGCCTACAAGATGG,23,54.14878936891034,3.4337047621075527,47.82608695652174,2,0.0,23.999999999999996,18.51,18.0,100.0,54.94146825396825,50.0,6.0,3.9,4.0,R,S6,A0706,Ba,,2
2_F,ACCAGAGGCAACAGATGAAG,2,20,51.68754598531842,0.9724613785156322,Ba_OkX,50.0,2,0.0,25.4,17.77,17.300000000000004,75.0,47.59206226350189,50.0,5.0,3.5,3.5,F,2_R,CATGCTCAATGCCTACAAGATGG,23,54.14878936891034,3.4337047621075527,47.82608695652174,2,0.0,23.999999999999996,18.51,18.0,100.0,54.94146825396825,50.0,6.0,3.9,4.0,R,S2,A0330,Ba,,0
2_F,ACCAGAGGCAACAGATGAAG,2,20,51.68754598531842,0.9724613785156322,Ba_OkX,50.0,2,0.0,25.4,17.77,17.300000000000004,75.0,47.59206226350189,50.0,5.0,3.5,3.5,F,2_R,CATGCTCAATGCCTACAAGATGG,23,54.14878936891034,3.4337047621075527,47.82608695652174,2,0.0,23.999999999999996,18.51,18.0,100.0,54.94146825396825,50.0,6.0,3.9,4.0,R,S5,A0615,Ba,,1
2_F,ACCAGAGGCAACAGATGAAG,2,20,51.68754598531842,0.9724613785156322,Ba_OkX,50.0,2,0.0,25.4,17.77,17.300000000000004,75.0,47.59206226350189,50.0,5.0,3.5,3.5,F,2_R,CATGCTCAATGCCTACAAGATGG,23,54.14878936891034,3.4337047621075527,47.82608695652174,2,0.0,23.999999999999996,18.51,18.0,100.0,54.94146825396825,50.0,6.0,3.9,4.0,R,S144,BA-BaBTSeqBa007P2--xx-xxx-xxxx-021-SF,Ba,,37
2_F,CAAGAACGCTAATGCAAGAAGC,2,22,53.16196078263971,0.7974034735003812,Ba_HighSH,45.45454545454545,2,0.0,27.4,19.770000000000003,19.3,100.0,58.967803030303024,50.0,5.0,4.0,4.0,F,2_R,CATGCTCAATGCCTACAAGATGG,23,54.14878936891034,1.7842320597710142,47.82608695652174,2,0.0,25.200000000000006,19.7,19.7,100.0,60.354166666666664,50.0,5.0,3.85,4.0,R,S144,BA-BaBTSeqBa007P2--xx-xxx-xxxx-021-SF,Ba,,37
2_F,CAAGAACGCTAATGCAAGAAGC,2,22,53.16196078263971,0.7974034735003812,Ba_HighSH,45.45454545454545,2,0.0,27.4,19.770000000000003,19.3,100.0,58.967803030303024,50.0,5.0,4.0,4.0,F,2_R,CATGCTCAATGCCTACAAGATGG,23,54.14878936891034,1.7842320597710142,47.82608695652174,2,0.0,25.200000000000006,19.7,19.7,100.0,60.354166666666664,50.0,5.0,3.85,4.0,R,S5,A0615,Ba,,1
2_F,CAAGAACGCTAATGCAAGAAGC,2,22,53.16196078263971,0.7974034735003812,Ba_HighSH,45.45454545454545,2,0.0,27.4,19.770000000000003,19.3,100.0,58.967803030303024,50.0,5.0,4.0,4.0,F,2_R,CATGCTCAATGCCTACAAGATGG,23,54.14878936891034,1.7842320597710142,47.82608695652174,2,0.0,25.200000000000006,19.7,19.7,100.0,60.354166666666664,50.0,5.0,3.85,4.0,R,S2,A0330,Ba,,0
2_F,CAAGAACGCTAATGCAAGAAGC,2,22,53.16196078263971,0.7974034735003812,Ba_HighSH,45.45454545454545,2,0.0,27.4,19.770000000000003,19.3,100.0,58.967803030303024,50.0,5.0,4.0,4.0,F,2_R,CATGCTCAATGCCTACAAGATGG,23,54.14878936891034,1.7842320597710142,47.82608695652174,2,0.0,25.200000000000006,19.7,19.7,100.0,60.354166666666664,50.0,5.0,3.85,4.0,R,S6,A0706,Ba,,2
2_F,CAAGAACGCTAATGCAAGAAGC,2,22,53.16196078263971,0.7974034735003812,Ba_HighSH,45.45454545454545,2,0.0,27.4,19.770000000000003,19.3,100.0,58.967803030303024,50.0,5.0,4.0,4.0,F,2_R,CATGCTCAATGCCTACAAGATGG,23,54.14878936891034,1.7842320597710142,47.82608695652174,2,0.0,25.200000000000006,19.7,19.7,100.0,60.354166666666664,50.0,5.0,3.85,4.0,R,S4,A0605,Ba,,1758
2_F,ACCAGAGGCAACAGATGAAG,2,20,51.68754598531842,0.1650998771745691,Ba_HighSpec,50.0,2,0.0,26.0,18.759999999999998,17.6,75.0,50.345942982456144,50.0,7.0,3.95,4.0,F,2_R,TTGTTCATGACTACCTTGC,19,47.19377550765239,4.328670600491464,42.105263157894726,2,0.0,27.0,17.380000000000003,17.000000000000004,50.0,39.54197045644414,37.5,6.0,3.85,4.0,R,S6,A0706,Ba,,2
2_F,ACCAGAGGCAACAGATGAAG,2,20,51.68754598531842,0.1650998771745691,Ba_HighSpec,50.0,2,0.0,26.0,18.759999999999998,17.6,75.0,50.345942982456144,50.0,7.0,3.95,4.0,F,2_R,TTGTTCATGACTACCTTGC,19,47.19377550765239,4.328670600491464,42.105263157894726,2,0.0,27.0,17.380000000000003,17.000000000000004,50.0,39.54197045644414,37.5,6.0,3.85,4.0,R,S4,A0605,Ba,,1758
2_F,ACCAGAGGCAACAGATGAAG,2,20,51.68754598531842,0.1650998771745691,Ba_HighSpec,50.0,2,0.0,26.0,18.759999999999998,17.6,75.0,50.345942982456144,50.0,7.0,3.95,4.0,F,2_R,TTGTTCATGACTACCTTGC,19,47.19377550765239,4.328670600491464,42.105263157894726,2,0.0,27.0,17.380000000000003,17.000000000000004,50.0,39.54197045644414,37.5,6.0,3.85,4.0,R,S2,A0330,Ba,,0
2_F,ACCAGAGGCAACAGATGAAG,2,20,51.68754598531842,0.1650998771745691,Ba_HighSpec,50.0,2,0.0,26.0,18.759999999999998,17.6,75.0,50.345942982456144,50.0,7.0,3.95,4.0,F,2_R,TTGTTCATGACTACCTTGC,19,47.19377550765239,4.328670600491464,42.105263157894726,2,0.0,27.0,17.380000000000003,17.000000000000004,50.0,39.54197045644414,37.5,6.0,3.85,4.0,R,S5,A0615,Ba,,1
2_F,ACCAGAGGCAACAGATGAAG,2,20,51.68754598531842,0.1650998771745691,Ba_HighSpec,50.0,2,0.0,26.0,18.759999999999998,17.6,75.0,50.345942982456144,50.0,7.0,3.95,4.0,F,2_R,TTGTTCATGACTACCTTGC,19,47.19377550765239,4.328670600491464,42.105263157894726,2,0.0,27.0,17.380000000000003,17.000000000000004,50.0,39.54197045644414,37.5,6.0,3.85,4.0,R,S144,BA-BaBTSeqBa007P2--xx-xxx-xxxx-021-SF,Ba,,37
3_F,TTAGAGCGTGTGGTAAGGC,3,19,51.46953400398121,0.05291210416264392,Ba_HighSpec,52.631578947368425,2,0.0,30.6,17.85,17.0,50.0,39.59309661786441,39.04761904761905,5.0,3.75,4.0,F,3_R,TACTACTACAACGCCCTCTATC,22,50.45864548057665,1.063800627567204,45.45454545454545,3,0.13636363636363635,30.6,19.07,18.6,50.0,41.60330927242692,41.66666666666667,5.0,3.8,4.0,R,S144,BA-BaBTSeqBa007P2--xx-xxx-xxxx-021-SF,Ba,,45
3_F,TTAGAGCGTGTGGTAAGGC,3,19,51.46953400398121,0.05291210416264392,Ba_HighSpec,52.631578947368425,2,0.0,30.6,17.85,17.0,50.0,39.59309661786441,39.04761904761905,5.0,3.75,4.0,F,3_R,TACTACTACAACGCCCTCTATC,22,50.45864548057665,1.063800627567204,45.45454545454545,3,0.13636363636363635,30.6,19.07,18.6,50.0,41.60330927242692,41.66666666666667,5.0,3.8,4.0,R,S5,A0615,Ba,,221
3_F,TTAGAGCGTGTGGTAAGGC,3,19,51.46953400398121,0.05291210416264392,Ba_HighSpec,52.631578947368425,2,0.0,30.6,17.85,17.0,50.0,39.59309661786441,39.04761904761905,5.0,3.75,4.0,F,3_R,TACTACTACAACGCCCTCTATC,22,50.45864548057665,1.063800627567204,45.45454545454545,3,0.13636363636363635,30.6,19.07,18.6,50.0,41.60330927242692,41.66666666666667,5.0,3.8,4.0,R,S4,A0605,Ba,,11528
3_F,TTAGAGCGTGTGGTAAGGC,3,19,51.46953400398121,0.05291210416264392,Ba_HighSpec,52.631578947368425,2,0.0,30.6,17.85,17.0,50.0,39.59309661786441,39.04761904761905,5.0,3.75,4.0,F,3_R,TACTACTACAACGCCCTCTATC,22,50.45864548057665,1.063800627567204,45.45454545454545,3,0.13636363636363635,30.6,19.07,18.6,50.0,41.60330927242692,41.66666666666667,5.0,3.8,4.0,R,S2,A0330,Ba,,238
3_F,TTAGAGCGTGTGGTAAGGC,3,19,51.46953400398121,0.05291210416264392,Ba_HighSpec,52.631578947368425,2,0.0,30.6,17.85,17.0,50.0,39.59309661786441,39.04761904761905,5.0,3.75,4.0,F,3_R,TACTACTACAACGCCCTCTATC,22,50.45864548057665,1.063800627567204,45.45454545454545,3,0.13636363636363635,30.6,19.07,18.6,50.0,41.60330927242692,41.66666666666667,5.0,3.8,4.0,R,S6,A0706,Ba,,227
3_F,TTAGAGCGTGTGGTAAGGC,3,19,51.46953400398121,0.8950233051581193,Ba_HighSH,52.631578947368425,2,0.0,30.6,18.18,17.4,55.00000000000001,40.69218849820629,40.588235294117645,5.0,3.8,4.0,F,3_R,TACTACTACAACGCCCTCTATC,22,50.45864548057665,1.9059118285626797,45.45454545454545,3,0.13636363636363635,30.6,18.910000000000004,18.1,50.0,40.02890451052216,40.7843137254902,5.0,3.65,4.0,R,S144,BA-BaBTSeqBa007P2--xx-xxx-xxxx-021-SF,Ba,,45
3_F,TTAGAGCGTGTGGTAAGGC,3,19,51.46953400398121,0.8950233051581193,Ba_HighSH,52.631578947368425,2,0.0,30.6,18.18,17.4,55.00000000000001,40.69218849820629,40.588235294117645,5.0,3.8,4.0,F,3_R,TACTACTACAACGCCCTCTATC,22,50.45864548057665,1.9059118285626797,45.45454545454545,3,0.13636363636363635,30.6,18.910000000000004,18.1,50.0,40.02890451052216,40.7843137254902,5.0,3.65,4.0,R,S6,A0706,Ba,,227
3_F,TTAGAGCGTGTGGTAAGGC,3,19,51.46953400398121,0.8950233051581193,Ba_HighSH,52.631578947368425,2,0.0,30.6,18.18,17.4,55.00000000000001,40.69218849820629,40.588235294117645,5.0,3.8,4.0,F,3_R,TACTACTACAACGCCCTCTATC,22,50.45864548057665,1.9059118285626797,45.45454545454545,3,0.13636363636363635,30.6,18.910000000000004,18.1,50.0,40.02890451052216,40.7843137254902,5.0,3.65,4.0,R,S2,A0330,Ba,,238
3_F,TTAGAGCGTGTGGTAAGGC,3,19,51.46953400398121,0.8950233051581193,Ba_HighSH,52.631578947368425,2,0.0,30.6,18.18,17.4,55.00000000000001,40.69218849820629,40.588235294117645,5.0,3.8,4.0,F,3_R,TACTACTACAACGCCCTCTATC,22,50.45864548057665,1.9059118285626797,45.45454545454545,3,0.13636363636363635,30.6,18.910000000000004,18.1,50.0,40.02890451052216,40.7843137254902,5.0,3.65,4.0,R,S5,A0615,Ba,,221
3_F,TTAGAGCGTGTGGTAAGGC,3,19,51.46953400398121,0.8950233051581193,Ba_HighSH,52.631578947368425,2,0.0,30.6,18.18,17.4,55.00000000000001,40.69218849820629,40.588235294117645,5.0,3.8,4.0,F,3_R,TACTACTACAACGCCCTCTATC,22,50.45864548057665,1.9059118285626797,45.45454545454545,3,0.13636363636363635,30.6,18.910000000000004,18.1,50.0,40.02890451052216,40.7843137254902,5.0,3.65,4.0,R,S4,A0605,Ba,,11528
3_F,AGCGTGTGGTAAGGCA,3,16,49.6042124801599,1.1108721266428887,Ba_OkX,56.25,2,0.0,23.2,14.64,14.5,66.66666666666666,48.91477272727273,50.0,5.0,3.35,3.5,F,3_R,TCTACTACTACAACGCCCTCTAT,23,51.73485469480056,1.0197700879977702,43.47826086956522,3,0.13043478260869565,25.6,18.87,17.700000000000003,70.0,46.282738095238095,50.0,5.0,3.45,3.0,R,S144,BA-BaBTSeqBa007P2--xx-xxx-xxxx-021-SF,Ba,,45
3_F,AGCGTGTGGTAAGGCA,3,16,49.6042124801599,1.1108721266428887,Ba_OkX,56.25,2,0.0,23.2,14.64,14.5,66.66666666666666,48.91477272727273,50.0,5.0,3.35,3.5,F,3_R,TCTACTACTACAACGCCCTCTAT,23,51.73485469480056,1.0197700879977702,43.47826086956522,3,0.13043478260869565,25.6,18.87,17.700000000000003,70.0,46.282738095238095,50.0,5.0,3.45,3.0,R,S6,A0706,Ba,,227
3_F,AGCGTGTGGTAAGGCA,3,16,49.6042124801599,1.1108721266428887,Ba_OkX,56.25,2,0.0,23.2,14.64,14.5,66.66666666666666,48.91477272727273,50.0,5.0,3.35,3.5,F,3_R,TCTACTACTACAACGCCCTCTAT,23,51.73485469480056,1.0197700879977702,43.47826086956522,3,0.13043478260869565,25.6,18.87,17.700000000000003,70.0,46.282738095238095,50.0,5.0,3.45,3.0,R,S2,A0330,Ba,,238
3_F,AGCGTGTGGTAAGGCA,3,16,49.6042124801599,1.1108721266428887,Ba_OkX,56.25,2,0.0,23.2,14.64,14.5,66.66666666666666,48.91477272727273,50.0,5.0,3.35,3.5,F,3_R,TCTACTACTACAACGCCCTCTAT,23,51.73485469480056,1.0197700879977702,43.47826086956522,3,0.13043478260869565,25.6,18.87,17.700000000000003,70.0,46.282738095238095,50.0,5.0,3.45,3.0,R,S5,A0615,Ba,,221
3_F,AGCGTGTGGTAAGGCA,3,16,49.6042124801599,1.1108721266428887,Ba_OkX,56.25,2,0.0,23.2,14.64,14.5,66.66666666666666,48.91477272727273,50.0,5.0,3.35,3.5,F,3_R,TCTACTACTACAACGCCCTCTAT,23,51.73485469480056,1.0197700879977702,43.47826086956522,3,0.13043478260869565,25.6,18.87,17.700000000000003,70.0,46.282738095238095,50.0,5.0,3.45,3.0,R,S4,A0605,Ba,,11528
3_F,TTAGAGCGTGTGGTAAGGC,3,19,51.46953400398121,0.1028798145565375,Ba_LowSH,52.631578947368425,2,0.0,30.6,17.8,16.8,50.0,39.02552183153963,39.04761904761905,5.0,3.7,4.0,F,3_R,TACTACTACAACGCCCTCTATC,22,50.45864548057665,1.1137683379610976,45.45454545454545,3,0.13636363636363635,30.6,19.060000000000002,18.6,66.66666666666666,42.29080927242692,43.54166666666667,5.0,3.85,4.0,R,S144,BA-BaBTSeqBa007P2--xx-xxx-xxxx-021-SF,Ba,,45
3_F,TTAGAGCGTGTGGTAAGGC,3,19,51.46953400398121,0.1028798145565375,Ba_LowSH,52.631578947368425,2,0.0,30.6,17.8,16.8,50.0,39.02552183153963,39.04761904761905,5.0,3.7,4.0,F,3_R,TACTACTACAACGCCCTCTATC,22,50.45864548057665,1.1137683379610976,45.45454545454545,3,0.13636363636363635,30.6,19.060000000000002,18.6,66.66666666666666,42.29080927242692,43.54166666666667,5.0,3.85,4.0,R,S6,A0706,Ba,,227
3_F,TTAGAGCGTGTGGTAAGGC,3,19,51.46953400398121,0.1028798145565375,Ba_LowSH,52.631578947368425,2,0.0,30.6,17.8,16.8,50.0,39.02552183153963,39.04761904761905,5.0,3.7,4.0,F,3_R,TACTACTACAACGCCCTCTATC,22,50.45864548057665,1.1137683379610976,45.45454545454545,3,0.13636363636363635,30.6,19.060000000000002,18.6,66.66666666666666,42.29080927242692,43.54166666666667,5.0,3.85,4.0,R,S2,A0330,Ba,,238
3_F,TTAGAGCGTGTGGTAAGGC,3,19,51.46953400398121,0.1028798145565375,Ba_LowSH,52.631578947368425,2,0.0,30.6,17.8,16.8,50.0,39.02552183153963,39.04761904761905,5.0,3.7,4.0,F,3_R,TACTACTACAACGCCCTCTATC,22,50.45864548057665,1.1137683379610976,45.45454545454545,3,0.13636363636363635,30.6,19.060000000000002,18.6,66.66666666666666,42.29080927242692,43.54166666666667,5.0,3.85,4.0,R,S5,A0615,Ba,,221
3_F,TTAGAGCGTGTGGTAAGGC,3,19,51.46953400398121,0.1028798145565375,Ba_LowSH,52.631578947368425,2,0.0,30.6,17.8,16.8,50.0,39.02552183153963,39.04761904761905,5.0,3.7,4.0,F,3_R,TACTACTACAACGCCCTCTATC,22,50.45864548057665,1.1137683379610976,45.45454545454545,3,0.13636363636363635,30.6,19.060000000000002,18.6,66.66666666666666,42.29080927242692,43.54166666666667,5.0,3.85,4.0,R,S4,A0605,Ba,,11528
7_F,CCTCTCCTTATACTCGCATCGTTACT,7,26,55.77419421143492,3.4096369022955884,Ba_HighSH,46.153846153846146,2,0.0,27.4,19.1,19.799999999999997,100.0,53.54307783719548,45.83333333333333,6.0,4.05,4.0,F,7_R,AAGCCGGATGCTTATGCT,18,50.90675089448956,1.457806414649767,50.0,2,0.0,27.6,19.29,18.700000000000003,66.66666666666666,47.83333333333333,50.0,7.0,4.25,4.0,R,S4,A0605,Ba,,6
7_F,CCTCTCCTTATACTCGCATCGTTACT,7,26,55.77419421143492,4.251748103291064,Ba_HighSpec,46.153846153846146,2,0.0,26.000000000000004,18.270000000000003,18.6,100.0,54.0743835412953,46.338383838383834,6.0,3.9,4.0,F,7_R,AAGCCGGATGCTTATGCT,18,50.90675089448956,0.6156952136542913,50.0,2,0.0,27.6,19.259999999999998,18.6,66.66666666666666,48.111111111111114,50.0,7.0,4.2,4.0,R,S144,BA-BaBTSeqBa007P2--xx-xxx-xxxx-021-SF,Ba,,433
7_F,CCTCTCCTTATACTCGCATCGTTACT,7,26,55.77419421143492,4.20178039289717,Ba_LowSH,46.153846153846146,2,0.0,27.4,18.9,19.400000000000006,100.0,56.38498960190136,45.83333333333333,6.0,4.05,4.0,F,7_R,AAGCCGGATGCTTATGCT,18,50.90675089448956,0.6656629240481848,50.0,2,0.0,27.6,19.37,18.9,66.66666666666666,45.63486842105263,50.0,7.0,4.25,4.0,R,S4,A0605,Ba,,6
7_F,CCTCTCCTTATACTCGCATCGTTACT,7,26,55.77419421143492,4.20178039289717,Ba_LowSH,46.153846153846146,2,0.0,27.4,18.9,19.400000000000006,100.0,56.38498960190136,45.83333333333333,6.0,4.05,4.0,F,7_R,AAGCCGGATGCTTATGCT,18,50.90675089448956,0.6656629240481848,50.0,2,0.0,27.6,19.37,18.9,66.66666666666666,45.63486842105263,50.0,7.0,4.25,4.0,R,S5,A0615,Ba,,0
7_F,CCTCTCCTTATACTCGCATCGTTACT,7,26,55.77419421143492,4.251748103291064,Ba_HighSpec,46.153846153846146,2,0.0,26.000000000000004,18.270000000000003,18.6,100.0,54.0743835412953,46.338383838383834,6.0,3.9,4.0,F,7_R,AAGCCGGATGCTTATGCT,18,50.90675089448956,0.6156952136542913,50.0,2,0.0,27.6,19.259999999999998,18.6,66.66666666666666,48.111111111111114,50.0,7.0,4.2,4.0,R,S2,A0330,Ba,,0
7_F,CCTCTCCTTATACTCGCATCGTTACT,7,26,55.77419421143492,4.251748103291064,Ba_HighSpec,46.153846153846146,2,0.0,26.000000000000004,18.270000000000003,18.6,100.0,54.0743835412953,46.338383838383834,6.0,3.9,4.0,F,7_R,AAGCCGGATGCTTATGCT,18,50.90675089448956,0.6156952136542913,50.0,2,0.0,27.6,19.259999999999998,18.6,66.66666666666666,48.111111111111114,50.0,7.0,4.2,4.0,R,S4,A0605,Ba,,6
7_F,CCTCTCCTTATACTCGCATCGTTACT,7,26,55.77419421143492,3.4096369022955884,Ba_HighSH,46.153846153846146,2,0.0,27.4,19.1,19.799999999999997,100.0,53.54307783719548,45.83333333333333,6.0,4.05,4.0,F,7_R,AAGCCGGATGCTTATGCT,18,50.90675089448956,1.457806414649767,50.0,2,0.0,27.6,19.29,18.700000000000003,66.66666666666666,47.83333333333333,50.0,7.0,4.25,4.0,R,S144,BA-BaBTSeqBa007P2--xx-xxx-xxxx-021-SF,Ba,,433
7_F,CCTCTCCTTATACTCGCATCGTTACT,7,26,55.77419421143492,4.251748103291064,Ba_HighSpec,46.153846153846146,2,0.0,26.000000000000004,18.270000000000003,18.6,100.0,54.0743835412953,46.338383838383834,6.0,3.9,4.0,F,7_R,AAGCCGGATGCTTATGCT,18,50.90675089448956,0.6156952136542913,50.0,2,0.0,27.6,19.259999999999998,18.6,66.66666666666666,48.111111111111114,50.0,7.0,4.2,4.0,R,S5,A0615,Ba,,0
7_F,CCTCTCCTTATACTCGCATCGTTACT,7,26,55.77419421143492,4.20178039289717,Ba_LowSH,46.153846153846146,2,0.0,27.4,18.9,19.400000000000006,100.0,56.38498960190136,45.83333333333333,6.0,4.05,4.0,F,7_R,AAGCCGGATGCTTATGCT,18,50.90675089448956,0.6656629240481848,50.0,2,0.0,27.6,19.37,18.9,66.66666666666666,45.63486842105263,50.0,7.0,4.25,4.0,R,S2,A0330,Ba,,0
7_F,TATACTCGCATCGTTACT,7,18,44.0883043311116,6.626780275691188,Ba_OkX,38.888888888888886,2,0.0,22.4,16.659999999999997,16.700000000000006,50.0,44.64454295704296,50.0,5.0,3.65,4.0,F,7_R,ACTGCAAAGATTAAGCCGG,19,50.19642440514451,0.5186602016582782,47.368421052631575,3,0.15789473684210525,30.600000000000005,17.53,17.2,75.0,47.75757575757576,50.0,5.0,3.45,3.0,R,S144,BA-BaBTSeqBa007P2--xx-xxx-xxxx-021-SF,Ba,,433
7_F,CCTCTCCTTATACTCGCATCGTTACT,7,26,55.77419421143492,3.4096369022955884,Ba_HighSH,46.153846153846146,2,0.0,27.4,19.1,19.799999999999997,100.0,53.54307783719548,45.83333333333333,6.0,4.05,4.0,F,7_R,AAGCCGGATGCTTATGCT,18,50.90675089448956,1.457806414649767,50.0,2,0.0,27.6,19.29,18.700000000000003,66.66666666666666,47.83333333333333,50.0,7.0,4.25,4.0,R,S5,A0615,Ba,,0
7_F,CCTCTCCTTATACTCGCATCGTTACT,7,26,55.77419421143492,3.4096369022955884,Ba_HighSH,46.153846153846146,2,0.0,27.4,19.1,19.799999999999997,100.0,53.54307783719548,45.83333333333333,6.0,4.05,4.0,F,7_R,AAGCCGGATGCTTATGCT,18,50.90675089448956,1.457806414649767,50.0,2,0.0,27.6,19.29,18.700000000000003,66.66666666666666,47.83333333333333,50.0,7.0,4.25,4.0,R,S2,A0330,Ba,,0
7_F,TATACTCGCATCGTTACT,7,18,44.0883043311116,6.626780275691188,Ba_OkX,38.888888888888886,2,0.0,22.4,16.659999999999997,16.700000000000006,50.0,44.64454295704296,50.0,5.0,3.65,4.0,F,7_R,ACTGCAAAGATTAAGCCGG,19,50.19642440514451,0.5186602016582782,47.368421052631575,3,0.15789473684210525,30.600000000000005,17.53,17.2,75.0,47.75757575757576,50.0,5.0,3.45,3.0,R,S5,A0615,Ba,,0
7_F,CCTCTCCTTATACTCGCATCGTTACT,7,26,55.77419421143492,4.20178039289717,Ba_LowSH,46.153846153846146,2,0.0,27.4,18.9,19.400000000000006,100.0,56.38498960190136,45.83333333333333,6.0,4.05,4.0,F,7_R,AAGCCGGATGCTTATGCT,18,50.90675089448956,0.6656629240481848,50.0,2,0.0,27.6,19.37,18.9,66.66666666666666,45.63486842105263,50.0,7.0,4.25,4.0,R,S144,BA-BaBTSeqBa007P2--xx-xxx-xxxx-021-SF,Ba,,433
7_F,TATACTCGCATCGTTACT,7,18,44.0883043311116,6.626780275691188,Ba_OkX,38.888888888888886,2,0.0,22.4,16.659999999999997,16.700000000000006,50.0,44.64454295704296,50.0,5.0,3.65,4.0,F,7_R,ACTGCAAAGATTAAGCCGG,19,50.19642440514451,0.5186602016582782,47.368421052631575,3,0.15789473684210525,30.600000000000005,17.53,17.2,75.0,47.75757575757576,50.0,5.0,3.45,3.0,R,S2,A0330,Ba,,0
7_F,TATACTCGCATCGTTACT,7,18,44.0883043311116,6.626780275691188,Ba_OkX,38.888888888888886,2,0.0,22.4,16.659999999999997,16.700000000000006,50.0,44.64454295704296,50.0,5.0,3.65,4.0,F,7_R,ACTGCAAAGATTAAGCCGG,19,50.19642440514451,0.5186602016582782,47.368421052631575,3,0.15789473684210525,30.600000000000005,17.53,17.2,75.0,47.75757575757576,50.0,5.0,3.45,3.0,R,S4,A0605,Ba,,6
9_F,GGCAATCGGCCACTGTT,9,17,52.20041080302713,0.6279969844893785,Ba_LowSH,58.82352941176471,2,0.0,25.0,18.85,19.300000000000004,100.0,54.546245421245416,50.0,5.0,3.7,4.0,F,9_R,GTAGAGAAGTTCGTGGCGG,19,52.37486421745899,0.8024503989212448,57.894736842105274,2,0.0,25.6,17.21,16.6,100.0,49.5380816294129,39.583333333333336,6.0,3.6,3.0,R,S5,A0615,Ba,,13
9_F,GGCAATCGGCCACTGTT,9,17,52.20041080302713,0.6279969844893785,Ba_LowSH,58.82352941176471,2,0.0,25.0,18.85,19.300000000000004,100.0,54.546245421245416,50.0,5.0,3.7,4.0,F,9_R,GTAGAGAAGTTCGTGGCGG,19,52.37486421745899,0.8024503989212448,57.894736842105274,2,0.0,25.6,17.21,16.6,100.0,49.5380816294129,39.583333333333336,6.0,3.6,3.0,R,S6,A0706,Ba,,6
9_F,GGCAATCGGCCACTGTT,9,17,52.20041080302713,0.6279969844893785,Ba_LowSH,58.82352941176471,2,0.0,25.0,18.85,19.300000000000004,100.0,54.546245421245416,50.0,5.0,3.7,4.0,F,9_R,GTAGAGAAGTTCGTGGCGG,19,52.37486421745899,0.8024503989212448,57.894736842105274,2,0.0,25.6,17.21,16.6,100.0,49.5380816294129,39.583333333333336,6.0,3.6,3.0,R,S2,A0330,Ba,,8
9_F,GGCAATCGGCCACTGTT,9,17,52.20041080302713,0.6279969844893785,Ba_LowSH,58.82352941176471,2,0.0,25.0,18.85,19.300000000000004,100.0,54.546245421245416,50.0,5.0,3.7,4.0,F,9_R,GTAGAGAAGTTCGTGGCGG,19,52.37486421745899,0.8024503989212448,57.894736842105274,2,0.0,25.6,17.21,16.6,100.0,49.5380816294129,39.583333333333336,6.0,3.6,3.0,R,S4,A0605,Ba,,3493
9_F,GGCAATCGGCCACTGTT,9,17,52.20041080302713,0.6279969844893785,Ba_LowSH,58.82352941176471,2,0.0,25.0,18.85,19.300000000000004,100.0,54.546245421245416,50.0,5.0,3.7,4.0,F,9_R,GTAGAGAAGTTCGTGGCGG,19,52.37486421745899,0.8024503989212448,57.894736842105274,2,0.0,25.6,17.21,16.6,100.0,49.5380816294129,39.583333333333336,6.0,3.6,3.0,R,S144,BA-BaBTSeqBa007P2--xx-xxx-xxxx-021-SF,Ba,,587
9_F,GGCAATCGGCCACTGT,9,16,51.3747260752894,0.6596414684866119,Ba_OkX,62.5,2,0.0,22.4,18.529999999999994,18.4,100.0,53.308150183150175,50.0,5.0,3.65,4.0,F,9_R,GTAGAGAAGTTCGTGGCGG,19,52.37486421745899,1.6597796106562015,57.894736842105274,2,0.0,25.6,17.520000000000003,17.200000000000003,100.0,53.68446320836027,45.0,5.0,3.5,3.0,R,S4,A0605,Ba,,3493
9_F,GGCAATCGGCCACTGT,9,16,51.3747260752894,0.6596414684866119,Ba_OkX,62.5,2,0.0,22.4,18.529999999999994,18.4,100.0,53.308150183150175,50.0,5.0,3.65,4.0,F,9_R,GTAGAGAAGTTCGTGGCGG,19,52.37486421745899,1.6597796106562015,57.894736842105274,2,0.0,25.6,17.520000000000003,17.200000000000003,100.0,53.68446320836027,45.0,5.0,3.5,3.0,R,S5,A0615,Ba,,13
9_F,GGCAATCGGCCACTGT,9,16,51.3747260752894,0.6596414684866119,Ba_OkX,62.5,2,0.0,22.4,18.529999999999994,18.4,100.0,53.308150183150175,50.0,5.0,3.65,4.0,F,9_R,GTAGAGAAGTTCGTGGCGG,19,52.37486421745899,1.6597796106562015,57.894736842105274,2,0.0,25.6,17.520000000000003,17.200000000000003,100.0,53.68446320836027,45.0,5.0,3.5,3.0,R,S6,A0706,Ba,,6
9_F,GGCAATCGGCCACTGT,9,16,51.3747260752894,0.6596414684866119,Ba_OkX,62.5,2,0.0,22.4,18.529999999999994,18.4,100.0,53.308150183150175,50.0,5.0,3.65,4.0,F,9_R,GTAGAGAAGTTCGTGGCGG,19,52.37486421745899,1.6597796106562015,57.894736842105274,2,0.0,25.6,17.520000000000003,17.200000000000003,100.0,53.68446320836027,45.0,5.0,3.5,3.0,R,S2,A0330,Ba,,8
9_F,GGCAATCGGCCACTGT,9,16,51.3747260752894,0.6596414684866119,Ba_OkX,62.5,2,0.0,22.4,18.529999999999994,18.4,100.0,53.308150183150175,50.0,5.0,3.65,4.0,F,9_R,GTAGAGAAGTTCGTGGCGG,19,52.37486421745899,1.6597796106562015,57.894736842105274,2,0.0,25.6,17.520000000000003,17.200000000000003,100.0,53.68446320836027,45.0,5.0,3.5,3.0,R,S144,BA-BaBTSeqBa007P2--xx-xxx-xxxx-021-SF,Ba,,587
9_F,GGCAATCGGCCACTGTT,9,17,52.20041080302713,0.16414650611220338,Ba_HighSH,58.82352941176471,2,0.0,25.0,19.000000000000004,19.300000000000004,100.0,59.60119047619048,50.0,5.0,3.8,4.0,F,9_R,AGTTCGTGGCGGACGTGAA,19,56.418525317431886,4.053968008292556,57.894736842105274,2,0.0,29.000000000000004,20.6,20.400000000000002,75.0,46.852182539682545,48.33333333333333,5.0,3.6,3.5,R,S4,A0605,Ba,,3493
9_F,GGCAATCGGCCACTGTT,9,17,52.20041080302713,0.16414650611220338,Ba_HighSH,58.82352941176471,2,0.0,25.0,19.000000000000004,19.300000000000004,100.0,59.60119047619048,50.0,5.0,3.8,4.0,F,9_R,AGTTCGTGGCGGACGTGAA,19,56.418525317431886,4.053968008292556,57.894736842105274,2,0.0,29.000000000000004,20.6,20.400000000000002,75.0,46.852182539682545,48.33333333333333,5.0,3.6,3.5,R,S5,A0615,Ba,,13
9_F,GGCAATCGGCCACTGTT,9,17,52.20041080302713,0.16414650611220338,Ba_HighSH,58.82352941176471,2,0.0,25.0,19.000000000000004,19.300000000000004,100.0,59.60119047619048,50.0,5.0,3.8,4.0,F,9_R,AGTTCGTGGCGGACGTGAA,19,56.418525317431886,4.053968008292556,57.894736842105274,2,0.0,29.000000000000004,20.6,20.400000000000002,75.0,46.852182539682545,48.33333333333333,5.0,3.6,3.5,R,S6,A0706,Ba,,6
9_F,GGCAATCGGCCACTGTT,9,17,52.20041080302713,0.16414650611220338,Ba_HighSH,58.82352941176471,2,0.0,25.0,19.000000000000004,19.300000000000004,100.0,59.60119047619048,50.0,5.0,3.8,4.0,F,9_R,AGTTCGTGGCGGACGTGAA,19,56.418525317431886,4.053968008292556,57.894736842105274,2,0.0,29.000000000000004,20.6,20.400000000000002,75.0,46.852182539682545,48.33333333333333,5.0,3.6,3.5,R,S2,A0330,Ba,,8
9_F,GGCAATCGGCCACTGTT,9,17,52.20041080302713,0.16414650611220338,Ba_HighSH,58.82352941176471,2,0.0,25.0,19.000000000000004,19.300000000000004,100.0,59.60119047619048,50.0,5.0,3.8,4.0,F,9_R,AGTTCGTGGCGGACGTGAA,19,56.418525317431886,4.053968008292556,57.894736842105274,2,0.0,29.000000000000004,20.6,20.400000000000002,75.0,46.852182539682545,48.33333333333333,5.0,3.6,3.5,R,S144,BA-BaBTSeqBa007P2--xx-xxx-xxxx-021-SF,Ba,,587
9_F,GGCAATCGGCCACTGTT,9,17,52.20041080302713,0.6779646948832719,Ba_HighSpec,58.82352941176471,2,0.0,25.0,19.41,20.1,100.0,55.43452380952381,50.0,5.0,3.9,4.0,F,9_R,AGTTCGTGGCGGACGTGAA,19,56.418525317431886,4.8960792092880325,57.894736842105274,2,0.0,29.000000000000004,20.450000000000003,20.400000000000002,75.0,45.914682539682545,50.0,5.0,3.6,3.5,R,S4,A0605,Ba,,3493
9_F,GGCAATCGGCCACTGTT,9,17,52.20041080302713,0.6779646948832719,Ba_HighSpec,58.82352941176471,2,0.0,25.0,19.41,20.1,100.0,55.43452380952381,50.0,5.0,3.9,4.0,F,9_R,AGTTCGTGGCGGACGTGAA,19,56.418525317431886,4.8960792092880325,57.894736842105274,2,0.0,29.000000000000004,20.450000000000003,20.400000000000002,75.0,45.914682539682545,50.0,5.0,3.6,3.5,R,S5,A0615,Ba,,13
9_F,GGCAATCGGCCACTGTT,9,17,52.20041080302713,0.6779646948832719,Ba_HighSpec,58.82352941176471,2,0.0,25.0,19.41,20.1,100.0,55.43452380952381,50.0,5.0,3.9,4.0,F,9_R,AGTTCGTGGCGGACGTGAA,19,56.418525317431886,4.8960792092880325,57.894736842105274,2,0.0,29.000000000000004,20.450000000000003,20.400000000000002,75.0,45.914682539682545,50.0,5.0,3.6,3.5,R,S6,A0706,Ba,,6
9_F,GGCAATCGGCCACTGTT,9,17,52.20041080302713,0.6779646948832719,Ba_HighSpec,58.82352941176471,2,0.0,25.0,19.41,20.1,100.0,55.43452380952381,50.0,5.0,3.9,4.0,F,9_R,AGTTCGTGGCGGACGTGAA,19,56.418525317431886,4.8960792092880325,57.894736842105274,2,0.0,29.000000000000004,20.450000000000003,20.400000000000002,75.0,45.914682539682545,50.0,5.0,3.6,3.5,R,S2,A0330,Ba,,8
9_F,GGCAATCGGCCACTGTT,9,17,52.20041080302713,0.6779646948832719,Ba_HighSpec,58.82352941176471,2,0.0,25.0,19.41,20.1,100.0,55.43452380952381,50.0,5.0,3.9,4.0,F,9_R,AGTTCGTGGCGGACGTGAA,19,56.418525317431886,4.8960792092880325,57.894736842105274,2,0.0,29.000000000000004,20.450000000000003,20.400000000000002,75.0,45.914682539682545,50.0,5.0,3.6,3.5,R,S144,BA-BaBTSeqBa007P2--xx-xxx-xxxx-021-SF,Ba,,587
12_F,TCGATGGTGCGAGCTT,12,16,49.92716504802661,1.645248770511138,Ba_LowSH,56.25,2,0.0,26.000000000000004,18.900000000000002,17.8,75.0,50.26785714285714,50.0,6.0,3.9,4.0,F,12_R,CTTTCTTCAATCCCTCTGCC,20,50.339014027738024,1.23339979079973,50.0,3,0.3,27.200000000000006,16.62,17.0,100.0,57.95465625061213,45.588235294117645,5.0,3.85,4.0,R,S5,A0615,Ba,,0
12_F,TCGATGGTGCGAGCTT,12,16,49.92716504802661,1.645248770511138,Ba_LowSH,56.25,2,0.0,26.000000000000004,18.900000000000002,17.8,75.0,50.26785714285714,50.0,6.0,3.9,4.0,F,12_R,CTTTCTTCAATCCCTCTGCC,20,50.339014027738024,1.23339979079973,50.0,3,0.3,27.200000000000006,16.62,17.0,100.0,57.95465625061213,45.588235294117645,5.0,3.85,4.0,R,S6,A0706,Ba,,0
12_F,TCGATGGTGCGAGCTT,12,16,49.92716504802661,1.645248770511138,Ba_LowSH,56.25,2,0.0,26.000000000000004,18.900000000000002,17.8,75.0,50.26785714285714,50.0,6.0,3.9,4.0,F,12_R,CTTTCTTCAATCCCTCTGCC,20,50.339014027738024,1.23339979079973,50.0,3,0.3,27.200000000000006,16.62,17.0,100.0,57.95465625061213,45.588235294117645,5.0,3.85,4.0,R,S144,BA-BaBTSeqBa007P2--xx-xxx-xxxx-021-SF,Ba,,526
12_F,TGAAGCGAAGATGAAGGATGAGTCT,12,25,55.837450285957686,5.122365679154897,Ba_OkX,44.0,2,0.0,24.8,17.389999999999997,17.400000000000002,75.0,44.988247863247864,50.0,5.0,3.4,3.0,F,12_R,ACAGGATTGGTCATTGGTGGTA,22,53.3219996435895,2.6069150367867024,45.45454545454545,2,0.0,30.600000000000005,19.169999999999998,19.1,75.0,49.916666666666664,50.0,6.0,3.75,4.0,R,S4,A0605,Ba,,82
12_F,TCGATGGTGCGAGCTT,12,16,49.92716504802661,1.645248770511138,Ba_LowSH,56.25,2,0.0,26.000000000000004,18.900000000000002,17.8,75.0,50.26785714285714,50.0,6.0,3.9,4.0,F,12_R,CTTTCTTCAATCCCTCTGCC,20,50.339014027738024,1.23339979079973,50.0,3,0.3,27.200000000000006,16.62,17.0,100.0,57.95465625061213,45.588235294117645,5.0,3.85,4.0,R,S4,A0605,Ba,,82
12_F,TGAAGCGAAGATGAAGGATGAGTCT,12,25,55.837450285957686,5.122365679154897,Ba_OkX,44.0,2,0.0,24.8,17.389999999999997,17.400000000000002,75.0,44.988247863247864,50.0,5.0,3.4,3.0,F,12_R,ACAGGATTGGTCATTGGTGGTA,22,53.3219996435895,2.6069150367867024,45.45454545454545,2,0.0,30.600000000000005,19.169999999999998,19.1,75.0,49.916666666666664,50.0,6.0,3.75,4.0,R,S2,A0330,Ba,,0
12_F,TGAAGCGAAGATGAAGGATGAGTCT,12,25,55.837450285957686,5.122365679154897,Ba_OkX,44.0,2,0.0,24.8,17.389999999999997,17.400000000000002,75.0,44.988247863247864,50.0,5.0,3.4,3.0,F,12_R,ACAGGATTGGTCATTGGTGGTA,22,53.3219996435895,2.6069150367867024,45.45454545454545,2,0.0,30.600000000000005,19.169999999999998,19.1,75.0,49.916666666666664,50.0,6.0,3.75,4.0,R,S5,A0615,Ba,,0
12_F,TGAAGCGAAGATGAAGGATGAGTCT,12,25,55.837450285957686,5.122365679154897,Ba_OkX,44.0,2,0.0,24.8,17.389999999999997,17.400000000000002,75.0,44.988247863247864,50.0,5.0,3.4,3.0,F,12_R,ACAGGATTGGTCATTGGTGGTA,22,53.3219996435895,2.6069150367867024,45.45454545454545,2,0.0,30.600000000000005,19.169999999999998,19.1,75.0,49.916666666666664,50.0,6.0,3.75,4.0,R,S6,A0706,Ba,,0
12_F,TGAAGCGAAGATGAAGGATGAGTCT,12,25,55.837450285957686,5.122365679154897,Ba_OkX,44.0,2,0.0,24.8,17.389999999999997,17.400000000000002,75.0,44.988247863247864,50.0,5.0,3.4,3.0,F,12_R,ACAGGATTGGTCATTGGTGGTA,22,53.3219996435895,2.6069150367867024,45.45454545454545,2,0.0,30.600000000000005,19.169999999999998,19.1,75.0,49.916666666666664,50.0,6.0,3.75,4.0,R,S144,BA-BaBTSeqBa007P2--xx-xxx-xxxx-021-SF,Ba,,526
12_F,TCGATGGTGCGAGCTT,12,16,49.92716504802661,1.645248770511138,Ba_LowSH,56.25,2,0.0,26.000000000000004,18.900000000000002,17.8,75.0,50.26785714285714,50.0,6.0,3.9,4.0,F,12_R,CTTTCTTCAATCCCTCTGCC,20,50.339014027738024,1.23339979079973,50.0,3,0.3,27.200000000000006,16.62,17.0,100.0,57.95465625061213,45.588235294117645,5.0,3.85,4.0,R,S2,A0330,Ba,,0
12_F,TCGATGGTGCGAGCTT,12,16,49.92716504802661,2.43739226111272,Ba_HighSH,56.25,2,0.0,26.000000000000004,19.01,18.0,75.0,50.05952380952381,50.0,6.0,3.95,4.0,F,12_R,CTTTCTTCAATCCCTCTGCC,20,50.339014027738024,2.025543281401312,50.0,3,0.3,27.200000000000006,17.0,17.0,100.0,56.50070888219108,45.588235294117645,5.0,3.85,4.0,R,S2,A0330,Ba,,0
12_F,TCGATGGTGCGAGCTT,12,16,49.92716504802661,2.43739226111272,Ba_HighSH,56.25,2,0.0,26.000000000000004,19.01,18.0,75.0,50.05952380952381,50.0,6.0,3.95,4.0,F,12_R,CTTTCTTCAATCCCTCTGCC,20,50.339014027738024,2.025543281401312,50.0,3,0.3,27.200000000000006,17.0,17.0,100.0,56.50070888219108,45.588235294117645,5.0,3.85,4.0,R,S4,A0605,Ba,,82
12_F,TCGATGGTGCGAGCTT,12,16,49.92716504802661,2.43739226111272,Ba_HighSH,56.25,2,0.0,26.000000000000004,19.01,18.0,75.0,50.05952380952381,50.0,6.0,3.95,4.0,F,12_R,CTTTCTTCAATCCCTCTGCC,20,50.339014027738024,2.025543281401312,50.0,3,0.3,27.200000000000006,17.0,17.0,100.0,56.50070888219108,45.588235294117645,5.0,3.85,4.0,R,S5,A0615,Ba,,0
12_F,TCGATGGTGCGAGCTT,12,16,49.92716504802661,2.43739226111272,Ba_HighSH,56.25,2,0.0,26.000000000000004,19.01,18.0,75.0,50.05952380952381,50.0,6.0,3.95,4.0,F,12_R,CTTTCTTCAATCCCTCTGCC,20,50.339014027738024,2.025543281401312,50.0,3,0.3,27.200000000000006,17.0,17.0,100.0,56.50070888219108,45.588235294117645,5.0,3.85,4.0,R,S6,A0706,Ba,,0
12_F,TCGATGGTGCGAGCTT,12,16,49.92716504802661,2.43739226111272,Ba_HighSH,56.25,2,0.0,26.000000000000004,19.01,18.0,75.0,50.05952380952381,50.0,6.0,3.95,4.0,F,12_R,CTTTCTTCAATCCCTCTGCC,20,50.339014027738024,2.025543281401312,50.0,3,0.3,27.200000000000006,17.0,17.0,100.0,56.50070888219108,45.588235294117645,5.0,3.85,4.0,R,S144,BA-BaBTSeqBa007P2--xx-xxx-xxxx-021-SF,Ba,,526
12_F,TCGATGGTGCGAGCTT,12,16,49.92716504802661,1.5952810601172445,Ba_HighSpec,56.25,2,0.0,26.000000000000004,18.370000000000005,17.5,75.0,50.18452380952381,50.0,6.0,3.9,4.0,F,12_R,CTTTCTTCAATCCCTCTGCC,20,50.339014027738024,1.1834320804058365,50.0,3,0.3,27.200000000000006,16.770000000000003,17.1,100.0,54.12132291727879,40.0,7.0,3.95,4.0,R,S2,A0330,Ba,,0
12_F,TCGATGGTGCGAGCTT,12,16,49.92716504802661,1.5952810601172445,Ba_HighSpec,56.25,2,0.0,26.000000000000004,18.370000000000005,17.5,75.0,50.18452380952381,50.0,6.0,3.9,4.0,F,12_R,CTTTCTTCAATCCCTCTGCC,20,50.339014027738024,1.1834320804058365,50.0,3,0.3,27.200000000000006,16.770000000000003,17.1,100.0,54.12132291727879,40.0,7.0,3.95,4.0,R,S4,A0605,Ba,,82
12_F,TCGATGGTGCGAGCTT,12,16,49.92716504802661,1.5952810601172445,Ba_HighSpec,56.25,2,0.0,26.000000000000004,18.370000000000005,17.5,75.0,50.18452380952381,50.0,6.0,3.9,4.0,F,12_R,CTTTCTTCAATCCCTCTGCC,20,50.339014027738024,1.1834320804058365,50.0,3,0.3,27.200000000000006,16.770000000000003,17.1,100.0,54.12132291727879,40.0,7.0,3.95,4.0,R,S5,A0615,Ba,,0
12_F,TCGATGGTGCGAGCTT,12,16,49.92716504802661,1.5952810601172445,Ba_HighSpec,56.25,2,0.0,26.000000000000004,18.370000000000005,17.5,75.0,50.18452380952381,50.0,6.0,3.9,4.0,F,12_R,CTTTCTTCAATCCCTCTGCC,20,50.339014027738024,1.1834320804058365,50.0,3,0.3,27.200000000000006,16.770000000000003,17.1,100.0,54.12132291727879,40.0,7.0,3.95,4.0,R,S6,A0706,Ba,,0
12_F,TCGATGGTGCGAGCTT,12,16,49.92716504802661,1.5952810601172445,Ba_HighSpec,56.25,2,0.0,26.000000000000004,18.370000000000005,17.5,75.0,50.18452380952381,50.0,6.0,3.9,4.0,F,12_R,CTTTCTTCAATCCCTCTGCC,20,50.339014027738024,1.1834320804058365,50.0,3,0.3,27.200000000000006,16.770000000000003,17.1,100.0,54.12132291727879,40.0,7.0,3.95,4.0,R,S144,BA-BaBTSeqBa007P2--xx-xxx-xxxx-021-SF,Ba,,526
15_F,GATTGTGAAGGCTCCTATTAGAG,15,23,50.39398683596129,1.9705704731780287,Ba_HighSH,43.47826086956522,2,0.0,26.0,19.29,19.0,100.0,55.11959054877011,43.75,6.0,4.2,4.0,F,15_R,AGCAACTCATTGTTAGAACGCAACC,25,56.60481939875138,4.240262089612044,44.0,2,0.0,25.8,19.690000000000005,19.0,75.0,49.330357142857146,50.0,5.0,4.0,4.0,R,S2,A0330,Ba,,89
15_F,GATTGTGAAGGCTCCTATTAGAG,15,23,50.39398683596129,1.9705704731780287,Ba_HighSH,43.47826086956522,2,0.0,26.0,19.29,19.0,100.0,55.11959054877011,43.75,6.0,4.2,4.0,F,15_R,AGCAACTCATTGTTAGAACGCAACC,25,56.60481939875138,4.240262089612044,44.0,2,0.0,25.8,19.690000000000005,19.0,75.0,49.330357142857146,50.0,5.0,4.0,4.0,R,S4,A0605,Ba,,8235
15_F,GATTGTGAAGGCTCCTATTAGAG,15,23,50.39398683596129,1.9705704731780287,Ba_HighSH,43.47826086956522,2,0.0,26.0,19.29,19.0,100.0,55.11959054877011,43.75,6.0,4.2,4.0,F,15_R,AGCAACTCATTGTTAGAACGCAACC,25,56.60481939875138,4.240262089612044,44.0,2,0.0,25.8,19.690000000000005,19.0,75.0,49.330357142857146,50.0,5.0,4.0,4.0,R,S6,A0706,Ba,,132
15_F,GATTGTGAAGGCTCCTATTAGAG,15,23,50.39398683596129,1.9705704731780287,Ba_HighSH,43.47826086956522,2,0.0,26.0,19.29,19.0,100.0,55.11959054877011,43.75,6.0,4.2,4.0,F,15_R,AGCAACTCATTGTTAGAACGCAACC,25,56.60481939875138,4.240262089612044,44.0,2,0.0,25.8,19.690000000000005,19.0,75.0,49.330357142857146,50.0,5.0,4.0,4.0,R,S5,A0615,Ba,,226
15_F,AATGAGCAAGTACAGAAAGAGGAA,15,24,52.15578219542033,1.4406975886175388,Ba_OkX,37.5,3,0.125,22.8,15.34,14.3,60.0,40.8047508047508,37.41258741258741,6.0,3.55,3.0,F,15_R,TGTTAGAACGCAACCTT,17,45.1688975819079,5.546187024894876,41.17647058823529,2,0.0,23.0,15.74,16.300000000000004,75.0,46.06704260651629,50.0,5.0,3.55,3.5,R,S6,A0706,Ba,,132
15_F,GATTGTGAAGGCTCCTATTAGAG,15,23,50.39398683596129,1.1784269825764468,Ba_LowSH,43.47826086956522,2,0.0,26.0,18.65,18.9,100.0,51.11959054877012,43.75,6.0,4.2,4.0,F,15_R,AGCAACTCATTGTTAGAACGCAACC,25,56.60481939875138,5.032405580213627,44.0,2,0.0,25.8,19.110000000000003,18.700000000000003,75.0,47.82852564102564,50.0,5.0,4.0,4.0,R,S144,BA-BaBTSeqBa007P2--xx-xxx-xxxx-021-SF,Ba,,1529
15_F,AATGAGCAAGTACAGAAAGAGGAA,15,24,52.15578219542033,1.4406975886175388,Ba_OkX,37.5,3,0.125,22.8,15.34,14.3,60.0,40.8047508047508,37.41258741258741,6.0,3.55,3.0,F,15_R,TGTTAGAACGCAACCTT,17,45.1688975819079,5.546187024894876,41.17647058823529,2,0.0,23.0,15.74,16.300000000000004,75.0,46.06704260651629,50.0,5.0,3.55,3.5,R,S4,A0605,Ba,,8235
15_F,AATGAGCAAGTACAGAAAGAGGAA,15,24,52.15578219542033,1.4406975886175388,Ba_OkX,37.5,3,0.125,22.8,15.34,14.3,60.0,40.8047508047508,37.41258741258741,6.0,3.55,3.0,F,15_R,TGTTAGAACGCAACCTT,17,45.1688975819079,5.546187024894876,41.17647058823529,2,0.0,23.0,15.74,16.300000000000004,75.0,46.06704260651629,50.0,5.0,3.55,3.5,R,S2,A0330,Ba,,89
15_F,AATGAGCAAGTACAGAAAGAGGAA,15,24,52.15578219542033,1.4406975886175388,Ba_OkX,37.5,3,0.125,22.8,15.34,14.3,60.0,40.8047508047508,37.41258741258741,6.0,3.55,3.0,F,15_R,TGTTAGAACGCAACCTT,17,45.1688975819079,5.546187024894876,41.17647058823529,2,0.0,23.0,15.74,16.300000000000004,75.0,46.06704260651629,50.0,5.0,3.55,3.5,R,S5,A0615,Ba,,226
15_F,AATGAGCAAGTACAGAAAGAGGAA,15,24,52.15578219542033,1.4406975886175388,Ba_OkX,37.5,3,0.125,22.8,15.34,14.3,60.0,40.8047508047508,37.41258741258741,6.0,3.55,3.0,F,15_R,TGTTAGAACGCAACCTT,17,45.1688975819079,5.546187024894876,41.17647058823529,2,0.0,23.0,15.74,16.300000000000004,75.0,46.06704260651629,50.0,5.0,3.55,3.5,R,S144,BA-BaBTSeqBa007P2--xx-xxx-xxxx-021-SF,Ba,,1529
15_F,GATTGTGAAGGCTCCTATTAGAG,15,23,50.39398683596129,1.1284592721825533,Ba_HighSpec,43.47826086956522,2,0.0,26.0,18.07,17.6,100.0,49.30987394957983,47.5,6.0,4.15,4.0,F,15_R,AGCAACTCATTGTTAGAACGCAACC,25,56.60481939875138,5.082373290607522,44.0,2,0.0,22.8,18.2,17.5,75.0,48.30357142857143,50.0,5.0,3.95,4.0,R,S6,A0706,Ba,,132
15_F,GATTGTGAAGGCTCCTATTAGAG,15,23,50.39398683596129,1.1284592721825533,Ba_HighSpec,43.47826086956522,2,0.0,26.0,18.07,17.6,100.0,49.30987394957983,47.5,6.0,4.15,4.0,F,15_R,AGCAACTCATTGTTAGAACGCAACC,25,56.60481939875138,5.082373290607522,44.0,2,0.0,22.8,18.2,17.5,75.0,48.30357142857143,50.0,5.0,3.95,4.0,R,S4,A0605,Ba,,8235
15_F,GATTGTGAAGGCTCCTATTAGAG,15,23,50.39398683596129,1.1284592721825533,Ba_HighSpec,43.47826086956522,2,0.0,26.0,18.07,17.6,100.0,49.30987394957983,47.5,6.0,4.15,4.0,F,15_R,AGCAACTCATTGTTAGAACGCAACC,25,56.60481939875138,5.082373290607522,44.0,2,0.0,22.8,18.2,17.5,75.0,48.30357142857143,50.0,5.0,3.95,4.0,R,S2,A0330,Ba,,89
15_F,GATTGTGAAGGCTCCTATTAGAG,15,23,50.39398683596129,1.1284592721825533,Ba_HighSpec,43.47826086956522,2,0.0,26.0,18.07,17.6,100.0,49.30987394957983,47.5,6.0,4.15,4.0,F,15_R,AGCAACTCATTGTTAGAACGCAACC,25,56.60481939875138,5.082373290607522,44.0,2,0.0,22.8,18.2,17.5,75.0,48.30357142857143,50.0,5.0,3.95,4.0,R,S5,A0615,Ba,,226
15_F,GATTGTGAAGGCTCCTATTAGAG,15,23,50.39398683596129,1.9705704731780287,Ba_HighSH,43.47826086956522,2,0.0,26.0,19.29,19.0,100.0,55.11959054877011,43.75,6.0,4.2,4.0,F,15_R,AGCAACTCATTGTTAGAACGCAACC,25,56.60481939875138,4.240262089612044,44.0,2,0.0,25.8,19.690000000000005,19.0,75.0,49.330357142857146,50.0,5.0,4.0,4.0,R,S144,BA-BaBTSeqBa007P2--xx-xxx-xxxx-021-SF,Ba,,1529
15_F,GATTGTGAAGGCTCCTATTAGAG,15,23,50.39398683596129,1.1784269825764468,Ba_LowSH,43.47826086956522,2,0.0,26.0,18.65,18.9,100.0,51.11959054877012,43.75,6.0,4.2,4.0,F,15_R,AGCAACTCATTGTTAGAACGCAACC,25,56.60481939875138,5.032405580213627,44.0,2,0.0,25.8,19.110000000000003,18.700000000000003,75.0,47.82852564102564,50.0,5.0,4.0,4.0,R,S6,A0706,Ba,,132
15_F,GATTGTGAAGGCTCCTATTAGAG,15,23,50.39398683596129,1.1784269825764468,Ba_LowSH,43.47826086956522,2,0.0,26.0,18.65,18.9,100.0,51.11959054877012,43.75,6.0,4.2,4.0,F,15_R,AGCAACTCATTGTTAGAACGCAACC,25,56.60481939875138,5.032405580213627,44.0,2,0.0,25.8,19.110000000000003,18.700000000000003,75.0,47.82852564102564,50.0,5.0,4.0,4.0,R,S4,A0605,Ba,,8235
15_F,GATTGTGAAGGCTCCTATTAGAG,15,23,50.39398683596129,1.1784269825764468,Ba_LowSH,43.47826086956522,2,0.0,26.0,18.65,18.9,100.0,51.11959054877012,43.75,6.0,4.2,4.0,F,15_R,AGCAACTCATTGTTAGAACGCAACC,25,56.60481939875138,5.032405580213627,44.0,2,0.0,25.8,19.110000000000003,18.700000000000003,75.0,47.82852564102564,50.0,5.0,4.0,4.0,R,S2,A0330,Ba,,89
15_F,GATTGTGAAGGCTCCTATTAGAG,15,23,50.39398683596129,1.1784269825764468,Ba_LowSH,43.47826086956522,2,0.0,26.0,18.65,18.9,100.0,51.11959054877012,43.75,6.0,4.2,4.0,F,15_R,AGCAACTCATTGTTAGAACGCAACC,25,56.60481939875138,5.032405580213627,44.0,2,0.0,25.8,19.110000000000003,18.700000000000003,75.0,47.82852564102564,50.0,5.0,4.0,4.0,R,S5,A0615,Ba,,226
15_F,GATTGTGAAGGCTCCTATTAGAG,15,23,50.39398683596129,1.1284592721825533,Ba_HighSpec,43.47826086956522,2,0.0,26.0,18.07,17.6,100.0,49.30987394957983,47.5,6.0,4.15,4.0,F,15_R,AGCAACTCATTGTTAGAACGCAACC,25,56.60481939875138,5.082373290607522,44.0,2,0.0,22.8,18.2,17.5,75.0,48.30357142857143,50.0,5.0,3.95,4.0,R,S144,BA-BaBTSeqBa007P2--xx-xxx-xxxx-021-SF,Ba,,1529
16_F,GACGTGAGAGCGGCAGTGAATG,16,22,58.2653277803978,6.69291396186005,Ba_LowSH,59.09090909090909,2,0.0,27.200000000000006,19.169999999999998,18.5,100.0,56.601268796992485,50.0,6.0,3.8,4.0,F,16_R,TTGTTGCACCTTCTGTGTT,19,49.695331996586894,1.8770818219508456,42.105263157894726,2,0.0,26.0,18.449999999999996,18.700000000000003,66.66666666666666,41.937118437118436,40.833333333333336,5.0,4.0,4.0,R,S144,BA-BaBTSeqBa007P2--xx-xxx-xxxx-021-SF,Ba,,385
16_F,GACGTGAGAGCGGCAGTGAATG,16,22,58.2653277803978,6.69291396186005,Ba_LowSH,59.09090909090909,2,0.0,27.200000000000006,19.169999999999998,18.5,100.0,56.601268796992485,50.0,6.0,3.8,4.0,F,16_R,TTGTTGCACCTTCTGTGTT,19,49.695331996586894,1.8770818219508456,42.105263157894726,2,0.0,26.0,18.449999999999996,18.700000000000003,66.66666666666666,41.937118437118436,40.833333333333336,5.0,4.0,4.0,R,S2,A0330,Ba,,1
16_F,GACGTGAGAGCGGCAGTGAATG,16,22,58.2653277803978,6.69291396186005,Ba_LowSH,59.09090909090909,2,0.0,27.200000000000006,19.169999999999998,18.5,100.0,56.601268796992485,50.0,6.0,3.8,4.0,F,16_R,TTGTTGCACCTTCTGTGTT,19,49.695331996586894,1.8770818219508456,42.105263157894726,2,0.0,26.0,18.449999999999996,18.700000000000003,66.66666666666666,41.937118437118436,40.833333333333336,5.0,4.0,4.0,R,S6,A0706,Ba,,3
16_F,GACGTGAGAGCGGCAGTGAATG,16,22,58.2653277803978,6.69291396186005,Ba_LowSH,59.09090909090909,2,0.0,27.200000000000006,19.169999999999998,18.5,100.0,56.601268796992485,50.0,6.0,3.8,4.0,F,16_R,TTGTTGCACCTTCTGTGTT,19,49.695331996586894,1.8770818219508456,42.105263157894726,2,0.0,26.0,18.449999999999996,18.700000000000003,66.66666666666666,41.937118437118436,40.833333333333336,5.0,4.0,4.0,R,S5,A0615,Ba,,1
16_F,GACGTGAGAGCGGCAGTGAATG,16,22,58.2653277803978,6.69291396186005,Ba_LowSH,59.09090909090909,2,0.0,27.200000000000006,19.169999999999998,18.5,100.0,56.601268796992485,50.0,6.0,3.8,4.0,F,16_R,TTGTTGCACCTTCTGTGTT,19,49.695331996586894,1.8770818219508456,42.105263157894726,2,0.0,26.0,18.449999999999996,18.700000000000003,66.66666666666666,41.937118437118436,40.833333333333336,5.0,4.0,4.0,R,S4,A0605,Ba,,2406
16_F,ACGTGAGAGCGGCAGT,16,16,52.447638647081874,1.7325540402790836,Ba_OkX,62.5,2,0.0,24.8,16.969999999999995,16.5,75.0,48.31547619047619,50.0,5.0,3.2,3.0,F,16_R,TTGCACCTTCTGTGTTC,17,46.37142662110779,4.343657985695002,47.058823529411754,2,0.0,24.000000000000004,18.020000000000003,17.799999999999997,60.0,45.912247474747474,50.0,6.0,4.2,4.0,R,S144,BA-BaBTSeqBa007P2--xx-xxx-xxxx-021-SF,Ba,,385
16_F,ACGTGAGAGCGGCAGT,16,16,52.447638647081874,1.7325540402790836,Ba_OkX,62.5,2,0.0,24.8,16.969999999999995,16.5,75.0,48.31547619047619,50.0,5.0,3.2,3.0,F,16_R,TTGCACCTTCTGTGTTC,17,46.37142662110779,4.343657985695002,47.058823529411754,2,0.0,24.000000000000004,18.020000000000003,17.799999999999997,60.0,45.912247474747474,50.0,6.0,4.2,4.0,R,S4,A0605,Ba,,2406
16_F,ACGTGAGAGCGGCAGT,16,16,52.447638647081874,1.7325540402790836,Ba_OkX,62.5,2,0.0,24.8,16.969999999999995,16.5,75.0,48.31547619047619,50.0,5.0,3.2,3.0,F,16_R,TTGCACCTTCTGTGTTC,17,46.37142662110779,4.343657985695002,47.058823529411754,2,0.0,24.000000000000004,18.020000000000003,17.799999999999997,60.0,45.912247474747474,50.0,6.0,4.2,4.0,R,S2,A0330,Ba,,1
16_F,ACGTGAGAGCGGCAGT,16,16,52.447638647081874,1.7325540402790836,Ba_OkX,62.5,2,0.0,24.8,16.969999999999995,16.5,75.0,48.31547619047619,50.0,5.0,3.2,3.0,F,16_R,TTGCACCTTCTGTGTTC,17,46.37142662110779,4.343657985695002,47.058823529411754,2,0.0,24.000000000000004,18.020000000000003,17.799999999999997,60.0,45.912247474747474,50.0,6.0,4.2,4.0,R,S6,A0706,Ba,,3
16_F,ACGTGAGAGCGGCAGT,16,16,52.447638647081874,1.7325540402790836,Ba_OkX,62.5,2,0.0,24.8,16.969999999999995,16.5,75.0,48.31547619047619,50.0,5.0,3.2,3.0,F,16_R,TTGCACCTTCTGTGTTC,17,46.37142662110779,4.343657985695002,47.058823529411754,2,0.0,24.000000000000004,18.020000000000003,17.799999999999997,60.0,45.912247474747474,50.0,6.0,4.2,4.0,R,S5,A0615,Ba,,1
16_F,GACGTGAGAGCGGCAGTGAATG,16,22,58.2653277803978,5.900770471258467,Ba_HighSH,59.09090909090909,2,0.0,28.0,19.909999999999997,19.3,100.0,59.851268796992485,50.0,6.0,3.9,4.0,F,16_R,TTGTTGCACCTTCTGTGTT,19,49.695331996586894,2.6692253125524275,42.105263157894726,2,0.0,25.0,18.46,18.700000000000003,66.66666666666666,43.21688034188034,42.50000000000001,6.0,4.05,4.0,R,S4,A0605,Ba,,2406
16_F,GACGTGAGAGCGGCAGTGAATG,16,22,58.2653277803978,5.900770471258467,Ba_HighSH,59.09090909090909,2,0.0,28.0,19.909999999999997,19.3,100.0,59.851268796992485,50.0,6.0,3.9,4.0,F,16_R,TTGTTGCACCTTCTGTGTT,19,49.695331996586894,2.6692253125524275,42.105263157894726,2,0.0,25.0,18.46,18.700000000000003,66.66666666666666,43.21688034188034,42.50000000000001,6.0,4.05,4.0,R,S2,A0330,Ba,,1
16_F,GACGTGAGAGCGGCAGTGAATG,16,22,58.2653277803978,5.900770471258467,Ba_HighSH,59.09090909090909,2,0.0,28.0,19.909999999999997,19.3,100.0,59.851268796992485,50.0,6.0,3.9,4.0,F,16_R,TTGTTGCACCTTCTGTGTT,19,49.695331996586894,2.6692253125524275,42.105263157894726,2,0.0,25.0,18.46,18.700000000000003,66.66666666666666,43.21688034188034,42.50000000000001,6.0,4.05,4.0,R,S6,A0706,Ba,,3
16_F,GACGTGAGAGCGGCAGTGAATG,16,22,58.2653277803978,5.900770471258467,Ba_HighSH,59.09090909090909,2,0.0,28.0,19.909999999999997,19.3,100.0,59.851268796992485,50.0,6.0,3.9,4.0,F,16_R,TTGTTGCACCTTCTGTGTT,19,49.695331996586894,2.6692253125524275,42.105263157894726,2,0.0,25.0,18.46,18.700000000000003,66.66666666666666,43.21688034188034,42.50000000000001,6.0,4.05,4.0,R,S5,A0615,Ba,,1
16_F,GACGTGAGAGCGGCAGTGAATG,16,22,58.2653277803978,5.900770471258467,Ba_HighSH,59.09090909090909,2,0.0,28.0,19.909999999999997,19.3,100.0,59.851268796992485,50.0,6.0,3.9,4.0,F,16_R,TTGTTGCACCTTCTGTGTT,19,49.695331996586894,2.6692253125524275,42.105263157894726,2,0.0,25.0,18.46,18.700000000000003,66.66666666666666,43.21688034188034,42.50000000000001,6.0,4.05,4.0,R,S144,BA-BaBTSeqBa007P2--xx-xxx-xxxx-021-SF,Ba,,385
16_F,GACGTGAGAGCGGCAGTGAATG,16,22,58.2653277803978,6.742881672253944,Ba_HighSpec,59.09090909090909,2,0.0,27.200000000000006,19.65,18.9,100.0,53.64514505961874,50.0,6.0,3.75,4.0,F,16_R,TTGCACCTTCTGTGTTC,17,46.37142662110779,5.151019487036066,47.058823529411754,2,0.0,25.0,17.169999999999998,17.0,66.66666666666666,45.29426129426129,47.5,6.0,3.8,3.5,R,S4,A0605,Ba,,2406
16_F,GACGTGAGAGCGGCAGTGAATG,16,22,58.2653277803978,6.742881672253944,Ba_HighSpec,59.09090909090909,2,0.0,27.200000000000006,19.65,18.9,100.0,53.64514505961874,50.0,6.0,3.75,4.0,F,16_R,TTGCACCTTCTGTGTTC,17,46.37142662110779,5.151019487036066,47.058823529411754,2,0.0,25.0,17.169999999999998,17.0,66.66666666666666,45.29426129426129,47.5,6.0,3.8,3.5,R,S2,A0330,Ba,,1
16_F,GACGTGAGAGCGGCAGTGAATG,16,22,58.2653277803978,6.742881672253944,Ba_HighSpec,59.09090909090909,2,0.0,27.200000000000006,19.65,18.9,100.0,53.64514505961874,50.0,6.0,3.75,4.0,F,16_R,TTGCACCTTCTGTGTTC,17,46.37142662110779,5.151019487036066,47.058823529411754,2,0.0,25.0,17.169999999999998,17.0,66.66666666666666,45.29426129426129,47.5,6.0,3.8,3.5,R,S6,A0706,Ba,,3
16_F,GACGTGAGAGCGGCAGTGAATG,16,22,58.2653277803978,6.742881672253944,Ba_HighSpec,59.09090909090909,2,0.0,27.200000000000006,19.65,18.9,100.0,53.64514505961874,50.0,6.0,3.75,4.0,F,16_R,TTGCACCTTCTGTGTTC,17,46.37142662110779,5.151019487036066,47.058823529411754,2,0.0,25.0,17.169999999999998,17.0,66.66666666666666,45.29426129426129,47.5,6.0,3.8,3.5,R,S5,A0615,Ba,,1
16_F,GACGTGAGAGCGGCAGTGAATG,16,22,58.2653277803978,6.742881672253944,Ba_HighSpec,59.09090909090909,2,0.0,27.200000000000006,19.65,18.9,100.0,53.64514505961874,50.0,6.0,3.75,4.0,F,16_R,TTGCACCTTCTGTGTTC,17,46.37142662110779,5.151019487036066,47.058823529411754,2,0.0,25.0,17.169999999999998,17.0,66.66666666666666,45.29426129426129,47.5,6.0,3.8,3.5,R,S144,BA-BaBTSeqBa007P2--xx-xxx-xxxx-021-SF,Ba,,385
18_F,TAGCGATGGTCAATTCAATGATAT,18,24,50.45526859330521,0.25981601349757,Ba_OkX,33.33333333333333,2,0.0,22.599999999999994,16.699999999999996,17.3,50.0,46.39236111111111,50.0,6.0,3.6,3.5,F,18_R,AACCAAGCGCATAAGATGG,19,50.267661424498044,0.4474231823047461,47.368421052631575,2,0.0,24.000000000000004,18.049999999999997,17.8,54.54545454545454,43.92140580008227,50.0,5.0,3.4,3.0,R,S2,A0330,Ba,,98
18_F,TAGCGATGGTCAATTCAATGATAT,18,24,50.45526859330521,0.25981601349757,Ba_OkX,33.33333333333333,2,0.0,22.599999999999994,16.699999999999996,17.3,50.0,46.39236111111111,50.0,6.0,3.6,3.5,F,18_R,AACCAAGCGCATAAGATGG,19,50.267661424498044,0.4474231823047461,47.368421052631575,2,0.0,24.000000000000004,18.049999999999997,17.8,54.54545454545454,43.92140580008227,50.0,5.0,3.4,3.0,R,S6,A0706,Ba,,163
18_F,TAGCGATGGTCAATTCAATGATAT,18,24,50.45526859330521,0.25981601349757,Ba_OkX,33.33333333333333,2,0.0,22.599999999999994,16.699999999999996,17.3,50.0,46.39236111111111,50.0,6.0,3.6,3.5,F,18_R,AACCAAGCGCATAAGATGG,19,50.267661424498044,0.4474231823047461,47.368421052631575,2,0.0,24.000000000000004,18.049999999999997,17.8,54.54545454545454,43.92140580008227,50.0,5.0,3.4,3.0,R,S4,A0605,Ba,,9009
18_F,TAGCGATGGTCAATTCAATGATAT,18,24,50.45526859330521,0.25981601349757,Ba_OkX,33.33333333333333,2,0.0,22.599999999999994,16.699999999999996,17.3,50.0,46.39236111111111,50.0,6.0,3.6,3.5,F,18_R,AACCAAGCGCATAAGATGG,19,50.267661424498044,0.4474231823047461,47.368421052631575,2,0.0,24.000000000000004,18.049999999999997,17.8,54.54545454545454,43.92140580008227,50.0,5.0,3.4,3.0,R,S5,A0615,Ba,,258
18_F,TTCGCATAGAAGCAGATGAG,18,20,49.676572502523356,1.8958413160143903,Ba_LowSH,45.0,2,0.0,24.4,18.660000000000004,18.5,50.0,44.04837543991955,50.0,5.0,4.0,4.0,F,18_R,GTGCATCGTTAGCCGGAC,18,53.073760207457845,1.5013463889200906,61.111111111111114,2,0.0,27.6,18.37,17.5,100.0,54.32539682539682,50.0,5.0,3.9,4.0,R,S144,BA-BaBTSeqBa007P2--xx-xxx-xxxx-021-SF,Ba,,357
18_F,TTCGCATAGAAGCAGATGAG,18,20,49.676572502523356,2.6879848066159724,Ba_HighSH,45.0,2,0.0,25.599999999999994,19.07,18.8,50.0,43.95156171442936,48.611111111111114,5.0,4.0,4.0,F,18_R,GTGCATCGTTAGCCGGAC,18,53.073760207457845,0.7092028983185088,61.111111111111114,2,0.0,27.6,18.720000000000002,17.699999999999996,100.0,58.20039682539682,50.0,5.0,3.9,4.0,R,S5,A0615,Ba,,258
18_F,TTCGCATAGAAGCAGATGAG,18,20,49.676572502523356,2.6879848066159724,Ba_HighSH,45.0,2,0.0,25.599999999999994,19.07,18.8,50.0,43.95156171442936,48.611111111111114,5.0,4.0,4.0,F,18_R,GTGCATCGTTAGCCGGAC,18,53.073760207457845,0.7092028983185088,61.111111111111114,2,0.0,27.6,18.720000000000002,17.699999999999996,100.0,58.20039682539682,50.0,5.0,3.9,4.0,R,S4,A0605,Ba,,9009
18_F,TTCGCATAGAAGCAGATGAG,18,20,49.676572502523356,2.6879848066159724,Ba_HighSH,45.0,2,0.0,25.599999999999994,19.07,18.8,50.0,43.95156171442936,48.611111111111114,5.0,4.0,4.0,F,18_R,GTGCATCGTTAGCCGGAC,18,53.073760207457845,0.7092028983185088,61.111111111111114,2,0.0,27.6,18.720000000000002,17.699999999999996,100.0,58.20039682539682,50.0,5.0,3.9,4.0,R,S6,A0706,Ba,,163
18_F,TAGCGATGGTCAATTCAATGATAT,18,24,50.45526859330521,0.25981601349757,Ba_OkX,33.33333333333333,2,0.0,22.599999999999994,16.699999999999996,17.3,50.0,46.39236111111111,50.0,6.0,3.6,3.5,F,18_R,AACCAAGCGCATAAGATGG,19,50.267661424498044,0.4474231823047461,47.368421052631575,2,0.0,24.000000000000004,18.049999999999997,17.8,54.54545454545454,43.92140580008227,50.0,5.0,3.4,3.0,R,S144,BA-BaBTSeqBa007P2--xx-xxx-xxxx-021-SF,Ba,,357
18_F,TTCGCATAGAAGCAGATGAG,18,20,49.676572502523356,1.845873605620497,Ba_HighSpec,45.0,2,0.0,24.4,18.45,18.1,50.0,43.887661154205276,50.0,5.0,3.95,4.0,F,18_R,GTGCATCGTTAGCCGGAC,18,53.073760207457845,1.5513140993139842,61.111111111111114,2,0.0,27.6,19.7,17.9,100.0,54.17261904761905,50.0,5.0,3.8,4.0,R,S2,A0330,Ba,,98
18_F,TTCGCATAGAAGCAGATGAG,18,20,49.676572502523356,1.845873605620497,Ba_HighSpec,45.0,2,0.0,24.4,18.45,18.1,50.0,43.887661154205276,50.0,5.0,3.95,4.0,F,18_R,GTGCATCGTTAGCCGGAC,18,53.073760207457845,1.5513140993139842,61.111111111111114,2,0.0,27.6,19.7,17.9,100.0,54.17261904761905,50.0,5.0,3.8,4.0,R,S6,A0706,Ba,,163
18_F,TTCGCATAGAAGCAGATGAG,18,20,49.676572502523356,1.845873605620497,Ba_HighSpec,45.0,2,0.0,24.4,18.45,18.1,50.0,43.887661154205276,50.0,5.0,3.95,4.0,F,18_R,GTGCATCGTTAGCCGGAC,18,53.073760207457845,1.5513140993139842,61.111111111111114,2,0.0,27.6,19.7,17.9,100.0,54.17261904761905,50.0,5.0,3.8,4.0,R,S5,A0615,Ba,,258
18_F,TTCGCATAGAAGCAGATGAG,18,20,49.676572502523356,1.845873605620497,Ba_HighSpec,45.0,2,0.0,24.4,18.45,18.1,50.0,43.887661154205276,50.0,5.0,3.95,4.0,F,18_R,GTGCATCGTTAGCCGGAC,18,53.073760207457845,1.5513140993139842,61.111111111111114,2,0.0,27.6,19.7,17.9,100.0,54.17261904761905,50.0,5.0,3.8,4.0,R,S4,A0605,Ba,,9009
18_F,TTCGCATAGAAGCAGATGAG,18,20,49.676572502523356,2.6879848066159724,Ba_HighSH,45.0,2,0.0,25.599999999999994,19.07,18.8,50.0,43.95156171442936,48.611111111111114,5.0,4.0,4.0,F,18_R,GTGCATCGTTAGCCGGAC,18,53.073760207457845,0.7092028983185088,61.111111111111114,2,0.0,27.6,18.720000000000002,17.699999999999996,100.0,58.20039682539682,50.0,5.0,3.9,4.0,R,S144,BA-BaBTSeqBa007P2--xx-xxx-xxxx-021-SF,Ba,,357
18_F,TTCGCATAGAAGCAGATGAG,18,20,49.676572502523356,2.6879848066159724,Ba_HighSH,45.0,2,0.0,25.599999999999994,19.07,18.8,50.0,43.95156171442936,48.611111111111114,5.0,4.0,4.0,F,18_R,GTGCATCGTTAGCCGGAC,18,53.073760207457845,0.7092028983185088,61.111111111111114,2,0.0,27.6,18.720000000000002,17.699999999999996,100.0,58.20039682539682,50.0,5.0,3.9,4.0,R,S2,A0330,Ba,,98
18_F,TTCGCATAGAAGCAGATGAG,18,20,49.676572502523356,1.8958413160143903,Ba_LowSH,45.0,2,0.0,24.4,18.660000000000004,18.5,50.0,44.04837543991955,50.0,5.0,4.0,4.0,F,18_R,GTGCATCGTTAGCCGGAC,18,53.073760207457845,1.5013463889200906,61.111111111111114,2,0.0,27.6,18.37,17.5,100.0,54.32539682539682,50.0,5.0,3.9,4.0,R,S2,A0330,Ba,,98
18_F,TTCGCATAGAAGCAGATGAG,18,20,49.676572502523356,1.8958413160143903,Ba_LowSH,45.0,2,0.0,24.4,18.660000000000004,18.5,50.0,44.04837543991955,50.0,5.0,4.0,4.0,F,18_R,GTGCATCGTTAGCCGGAC,18,53.073760207457845,1.5013463889200906,61.111111111111114,2,0.0,27.6,18.37,17.5,100.0,54.32539682539682,50.0,5.0,3.9,4.0,R,S6,A0706,Ba,,163
18_F,TTCGCATAGAAGCAGATGAG,18,20,49.676572502523356,1.8958413160143903,Ba_LowSH,45.0,2,0.0,24.4,18.660000000000004,18.5,50.0,44.04837543991955,50.0,5.0,4.0,4.0,F,18_R,GTGCATCGTTAGCCGGAC,18,53.073760207457845,1.5013463889200906,61.111111111111114,2,0.0,27.6,18.37,17.5,100.0,54.32539682539682,50.0,5.0,3.9,4.0,R,S4,A0605,Ba,,9009
18_F,TTCGCATAGAAGCAGATGAG,18,20,49.676572502523356,1.8958413160143903,Ba_LowSH,45.0,2,0.0,24.4,18.660000000000004,18.5,50.0,44.04837543991955,50.0,5.0,4.0,4.0,F,18_R,GTGCATCGTTAGCCGGAC,18,53.073760207457845,1.5013463889200906,61.111111111111114,2,0.0,27.6,18.37,17.5,100.0,54.32539682539682,50.0,5.0,3.9,4.0,R,S5,A0615,Ba,,258
18_F,TTCGCATAGAAGCAGATGAG,18,20,49.676572502523356,1.845873605620497,Ba_HighSpec,45.0,2,0.0,24.4,18.45,18.1,50.0,43.887661154205276,50.0,5.0,3.95,4.0,F,18_R,GTGCATCGTTAGCCGGAC,18,53.073760207457845,1.5513140993139842,61.111111111111114,2,0.0,27.6,19.7,17.9,100.0,54.17261904761905,50.0,5.0,3.8,4.0,R,S144,BA-BaBTSeqBa007P2--xx-xxx-xxxx-021-SF,Ba,,357
19_F,AAGTTAAGTATCAACCAGCAGA,19,22,49.21627388626297,2.3561399322747794,Ba_LowSH,36.36363636363637,2,0.0,25.8,18.71,18.200000000000003,66.66666666666666,40.778352130325814,38.75,5.0,3.7,4.0,F,19_R,TCTTGTTTCTCTTCATCCGCTC,22,52.6030973221383,1.0306835036005495,45.45454545454545,3,0.13636363636363635,27.4,17.999999999999996,17.9,75.0,46.200630252100844,50.0,6.0,4.15,4.0,R,S2,A0330,Ba,,0
19_F,AAGTTAAGTATCAACCAGCAGA,19,22,49.21627388626297,2.3561399322747794,Ba_LowSH,36.36363636363637,2,0.0,25.8,18.71,18.200000000000003,66.66666666666666,40.778352130325814,38.75,5.0,3.7,4.0,F,19_R,TCTTGTTTCTCTTCATCCGCTC,22,52.6030973221383,1.0306835036005495,45.45454545454545,3,0.13636363636363635,27.4,17.999999999999996,17.9,75.0,46.200630252100844,50.0,6.0,4.15,4.0,R,S5,A0615,Ba,,7
19_F,AAGTTAAGTATCAACCAGCAGA,19,22,49.21627388626297,2.3561399322747794,Ba_LowSH,36.36363636363637,2,0.0,25.8,18.71,18.200000000000003,66.66666666666666,40.778352130325814,38.75,5.0,3.7,4.0,F,19_R,TCTTGTTTCTCTTCATCCGCTC,22,52.6030973221383,1.0306835036005495,45.45454545454545,3,0.13636363636363635,27.4,17.999999999999996,17.9,75.0,46.200630252100844,50.0,6.0,4.15,4.0,R,S144,BA-BaBTSeqBa007P2--xx-xxx-xxxx-021-SF,Ba,,245
19_F,ACCAGCAGAAGAAACAAG,19,18,46.709956942528656,4.005127664274127,Ba_OkX,44.444444444444436,3,0.16666666666666666,21.2,16.07,16.4,75.0,47.57037480063796,50.0,6.0,3.25,3.0,F,19_R,AGTTCATAACACGGCTACCGCC,22,57.08100362787161,6.36591902106882,54.54545454545454,2,0.0,29.0,19.640000000000004,19.8,66.66666666666666,47.88068181818182,50.0,5.0,4.05,4.0,R,S4,A0605,Ba,,5208
19_F,ACCAGCAGAAGAAACAAG,19,18,46.709956942528656,4.005127664274127,Ba_OkX,44.444444444444436,3,0.16666666666666666,21.2,16.07,16.4,75.0,47.57037480063796,50.0,6.0,3.25,3.0,F,19_R,AGTTCATAACACGGCTACCGCC,22,57.08100362787161,6.36591902106882,54.54545454545454,2,0.0,29.0,19.640000000000004,19.8,66.66666666666666,47.88068181818182,50.0,5.0,4.05,4.0,R,S6,A0706,Ba,,25
19_F,AAGTTAAGTATCAACCAGCAGA,19,22,49.21627388626297,2.3561399322747794,Ba_LowSH,36.36363636363637,2,0.0,25.8,18.71,18.200000000000003,66.66666666666666,40.778352130325814,38.75,5.0,3.7,4.0,F,19_R,TCTTGTTTCTCTTCATCCGCTC,22,52.6030973221383,1.0306835036005495,45.45454545454545,3,0.13636363636363635,27.4,17.999999999999996,17.9,75.0,46.200630252100844,50.0,6.0,4.15,4.0,R,S6,A0706,Ba,,25
19_F,ACCAGCAGAAGAAACAAG,19,18,46.709956942528656,4.005127664274127,Ba_OkX,44.444444444444436,3,0.16666666666666666,21.2,16.07,16.4,75.0,47.57037480063796,50.0,6.0,3.25,3.0,F,19_R,AGTTCATAACACGGCTACCGCC,22,57.08100362787161,6.36591902106882,54.54545454545454,2,0.0,29.0,19.640000000000004,19.8,66.66666666666666,47.88068181818182,50.0,5.0,4.05,4.0,R,S2,A0330,Ba,,0
19_F,ACCAGCAGAAGAAACAAG,19,18,46.709956942528656,4.005127664274127,Ba_OkX,44.444444444444436,3,0.16666666666666666,21.2,16.07,16.4,75.0,47.57037480063796,50.0,6.0,3.25,3.0,F,19_R,AGTTCATAACACGGCTACCGCC,22,57.08100362787161,6.36591902106882,54.54545454545454,2,0.0,29.0,19.640000000000004,19.8,66.66666666666666,47.88068181818182,50.0,5.0,4.05,4.0,R,S5,A0615,Ba,,7
19_F,ACCAGCAGAAGAAACAAG,19,18,46.709956942528656,4.005127664274127,Ba_OkX,44.444444444444436,3,0.16666666666666666,21.2,16.07,16.4,75.0,47.57037480063796,50.0,6.0,3.25,3.0,F,19_R,AGTTCATAACACGGCTACCGCC,22,57.08100362787161,6.36591902106882,54.54545454545454,2,0.0,29.0,19.640000000000004,19.8,66.66666666666666,47.88068181818182,50.0,5.0,4.05,4.0,R,S144,BA-BaBTSeqBa007P2--xx-xxx-xxxx-021-SF,Ba,,245
19_F,AAGTTAAGTATCAACCAGCAGA,19,22,49.21627388626297,2.3561399322747794,Ba_LowSH,36.36363636363637,2,0.0,25.8,18.71,18.200000000000003,66.66666666666666,40.778352130325814,38.75,5.0,3.7,4.0,F,19_R,TCTTGTTTCTCTTCATCCGCTC,22,52.6030973221383,1.0306835036005495,45.45454545454545,3,0.13636363636363635,27.4,17.999999999999996,17.9,75.0,46.200630252100844,50.0,6.0,4.15,4.0,R,S4,A0605,Ba,,5208
19_F,AAGTTAAGTATCAACCAGCAGA,19,22,49.21627388626297,3.1482834228763608,Ba_HighSH,36.36363636363637,2,0.0,25.8,18.29,17.5,66.66666666666666,42.61168546365915,40.0,5.0,3.7,4.0,F,19_R,CTTCATCCGCTCCAGCAACAT,21,55.18567036425498,2.8211130551156467,52.38095238095239,2,0.0,30.6,20.460000000000004,21.1,100.0,59.01827485380117,47.222222222222214,6.0,4.25,4.0,R,S4,A0605,Ba,,5208
19_F,AAGTTAAGTATCAACCAGCAGA,19,22,49.21627388626297,3.1482834228763608,Ba_HighSH,36.36363636363637,2,0.0,25.8,18.29,17.5,66.66666666666666,42.61168546365915,40.0,5.0,3.7,4.0,F,19_R,CTTCATCCGCTCCAGCAACAT,21,55.18567036425498,2.8211130551156467,52.38095238095239,2,0.0,30.6,20.460000000000004,21.1,100.0,59.01827485380117,47.222222222222214,6.0,4.25,4.0,R,S6,A0706,Ba,,25
19_F,AAGTTAAGTATCAACCAGCAGA,19,22,49.21627388626297,3.1482834228763608,Ba_HighSH,36.36363636363637,2,0.0,25.8,18.29,17.5,66.66666666666666,42.61168546365915,40.0,5.0,3.7,4.0,F,19_R,CTTCATCCGCTCCAGCAACAT,21,55.18567036425498,2.8211130551156467,52.38095238095239,2,0.0,30.6,20.460000000000004,21.1,100.0,59.01827485380117,47.222222222222214,6.0,4.25,4.0,R,S2,A0330,Ba,,0
19_F,AAGTTAAGTATCAACCAGCAGA,19,22,49.21627388626297,3.1482834228763608,Ba_HighSH,36.36363636363637,2,0.0,25.8,18.29,17.5,66.66666666666666,42.61168546365915,40.0,5.0,3.7,4.0,F,19_R,CTTCATCCGCTCCAGCAACAT,21,55.18567036425498,2.8211130551156467,52.38095238095239,2,0.0,30.6,20.460000000000004,21.1,100.0,59.01827485380117,47.222222222222214,6.0,4.25,4.0,R,S5,A0615,Ba,,7
19_F,AAGTTAAGTATCAACCAGCAGA,19,22,49.21627388626297,3.1482834228763608,Ba_HighSH,36.36363636363637,2,0.0,25.8,18.29,17.5,66.66666666666666,42.61168546365915,40.0,5.0,3.7,4.0,F,19_R,CTTCATCCGCTCCAGCAACAT,21,55.18567036425498,2.8211130551156467,52.38095238095239,2,0.0,30.6,20.460000000000004,21.1,100.0,59.01827485380117,47.222222222222214,6.0,4.25,4.0,R,S144,BA-BaBTSeqBa007P2--xx-xxx-xxxx-021-SF,Ba,,245
19_F,ACCAGCAGAAGAAACAAG,19,18,46.709956942528656,4.81248916561519,Ba_HighSpec,44.444444444444436,3,0.16666666666666666,27.6,18.529999999999998,18.300000000000004,75.0,49.26896787423103,50.0,9.0,3.95,3.5,F,19_R,TCTTGTTTCTCTTCATCCGCTC,22,52.6030973221383,1.0806512139944429,45.45454545454545,3,0.13636363636363635,27.4,18.8,18.6,75.0,43.86291095385523,50.0,9.0,4.4,4.0,R,S4,A0605,Ba,,5208
19_F,ACCAGCAGAAGAAACAAG,19,18,46.709956942528656,4.81248916561519,Ba_HighSpec,44.444444444444436,3,0.16666666666666666,27.6,18.529999999999998,18.300000000000004,75.0,49.26896787423103,50.0,9.0,3.95,3.5,F,19_R,TCTTGTTTCTCTTCATCCGCTC,22,52.6030973221383,1.0806512139944429,45.45454545454545,3,0.13636363636363635,27.4,18.8,18.6,75.0,43.86291095385523,50.0,9.0,4.4,4.0,R,S6,A0706,Ba,,25
19_F,ACCAGCAGAAGAAACAAG,19,18,46.709956942528656,4.81248916561519,Ba_HighSpec,44.444444444444436,3,0.16666666666666666,27.6,18.529999999999998,18.300000000000004,75.0,49.26896787423103,50.0,9.0,3.95,3.5,F,19_R,TCTTGTTTCTCTTCATCCGCTC,22,52.6030973221383,1.0806512139944429,45.45454545454545,3,0.13636363636363635,27.4,18.8,18.6,75.0,43.86291095385523,50.0,9.0,4.4,4.0,R,S2,A0330,Ba,,0
19_F,ACCAGCAGAAGAAACAAG,19,18,46.709956942528656,4.81248916561519,Ba_HighSpec,44.444444444444436,3,0.16666666666666666,27.6,18.529999999999998,18.300000000000004,75.0,49.26896787423103,50.0,9.0,3.95,3.5,F,19_R,TCTTGTTTCTCTTCATCCGCTC,22,52.6030973221383,1.0806512139944429,45.45454545454545,3,0.13636363636363635,27.4,18.8,18.6,75.0,43.86291095385523,50.0,9.0,4.4,4.0,R,S5,A0615,Ba,,7
19_F,ACCAGCAGAAGAAACAAG,19,18,46.709956942528656,4.81248916561519,Ba_HighSpec,44.444444444444436,3,0.16666666666666666,27.6,18.529999999999998,18.300000000000004,75.0,49.26896787423103,50.0,9.0,3.95,3.5,F,19_R,TCTTGTTTCTCTTCATCCGCTC,22,52.6030973221383,1.0806512139944429,45.45454545454545,3,0.13636363636363635,27.4,18.8,18.6,75.0,43.86291095385523,50.0,9.0,4.4,4.0,R,S144,BA-BaBTSeqBa007P2--xx-xxx-xxxx-021-SF,Ba,,245
20_F,ATAAGTATGTGACGGGAGCCA,20,21,52.67416695220601,1.1017531336682609,Ba_LowSH,47.61904761904761,3,0.14285714285714285,26.0,18.380000000000003,18.0,50.0,38.80790043290044,37.5,6.0,3.65,3.0,F,20_R,GTTCCGTTGAATAAGCAGTA,20,47.700246320128095,3.87216749840966,40.0,2,0.0,23.6,17.97,18.5,100.0,52.724816849816854,50.0,7.0,4.0,4.0,R,S6,A0706,Ba,,0
20_F,ATAAGTATGTGACGGGAGCCA,20,21,52.67416695220601,1.1017531336682609,Ba_LowSH,47.61904761904761,3,0.14285714285714285,26.0,18.380000000000003,18.0,50.0,38.80790043290044,37.5,6.0,3.65,3.0,F,20_R,GTTCCGTTGAATAAGCAGTA,20,47.700246320128095,3.87216749840966,40.0,2,0.0,23.6,17.97,18.5,100.0,52.724816849816854,50.0,7.0,4.0,4.0,R,S5,A0615,Ba,,0
20_F,ATAAGTATGTGACGGGAGCCA,20,21,52.67416695220601,1.1017531336682609,Ba_LowSH,47.61904761904761,3,0.14285714285714285,26.0,18.380000000000003,18.0,50.0,38.80790043290044,37.5,6.0,3.65,3.0,F,20_R,GTTCCGTTGAATAAGCAGTA,20,47.700246320128095,3.87216749840966,40.0,2,0.0,23.6,17.97,18.5,100.0,52.724816849816854,50.0,7.0,4.0,4.0,R,S4,A0605,Ba,,55
20_F,ATAAGTATGTGACGGGAGCCA,20,21,52.67416695220601,1.1017531336682609,Ba_LowSH,47.61904761904761,3,0.14285714285714285,26.0,18.380000000000003,18.0,50.0,38.80790043290044,37.5,6.0,3.65,3.0,F,20_R,GTTCCGTTGAATAAGCAGTA,20,47.700246320128095,3.87216749840966,40.0,2,0.0,23.6,17.97,18.5,100.0,52.724816849816854,50.0,7.0,4.0,4.0,R,S2,A0330,Ba,,0
20_F,ATAAGTATGTGACGGGAGCCA,20,21,52.67416695220601,1.1017531336682609,Ba_LowSH,47.61904761904761,3,0.14285714285714285,26.0,18.380000000000003,18.0,50.0,38.80790043290044,37.5,6.0,3.65,3.0,F,20_R,GTTCCGTTGAATAAGCAGTA,20,47.700246320128095,3.87216749840966,40.0,2,0.0,23.6,17.97,18.5,100.0,52.724816849816854,50.0,7.0,4.0,4.0,R,S144,BA-BaBTSeqBa007P2--xx-xxx-xxxx-021-SF,Ba,,382
20_F,TATGTGACGGGAGCCAACC,20,19,53.59643523678864,2.8813506299858465,Ba_OkX,57.894736842105274,3,0.15789473684210525,29.0,18.46,18.200000000000006,50.0,44.628550543024225,50.0,4.0,3.25,3.0,F,20_R,CCGATGTGGAAGGTAAG,17,45.67844977780482,5.0366348289979745,52.941176470588246,2,0.0,24.8,15.939999999999998,14.9,100.0,51.76488095238095,50.0,6.0,3.35,3.0,R,S6,A0706,Ba,,0
20_F,TATGTGACGGGAGCCAACC,20,19,53.59643523678864,2.8813506299858465,Ba_OkX,57.894736842105274,3,0.15789473684210525,29.0,18.46,18.200000000000006,50.0,44.628550543024225,50.0,4.0,3.25,3.0,F,20_R,CCGATGTGGAAGGTAAG,17,45.67844977780482,5.0366348289979745,52.941176470588246,2,0.0,24.8,15.939999999999998,14.9,100.0,51.76488095238095,50.0,6.0,3.35,3.0,R,S5,A0615,Ba,,0
20_F,TATGTGACGGGAGCCAACC,20,19,53.59643523678864,2.8813506299858465,Ba_OkX,57.894736842105274,3,0.15789473684210525,29.0,18.46,18.200000000000006,50.0,44.628550543024225,50.0,4.0,3.25,3.0,F,20_R,CCGATGTGGAAGGTAAG,17,45.67844977780482,5.0366348289979745,52.941176470588246,2,0.0,24.8,15.939999999999998,14.9,100.0,51.76488095238095,50.0,6.0,3.35,3.0,R,S4,A0605,Ba,,55
20_F,TATGTGACGGGAGCCAACC,20,19,53.59643523678864,2.8813506299858465,Ba_OkX,57.894736842105274,3,0.15789473684210525,29.0,18.46,18.200000000000006,50.0,44.628550543024225,50.0,4.0,3.25,3.0,F,20_R,CCGATGTGGAAGGTAAG,17,45.67844977780482,5.0366348289979745,52.941176470588246,2,0.0,24.8,15.939999999999998,14.9,100.0,51.76488095238095,50.0,6.0,3.35,3.0,R,S2,A0330,Ba,,0
20_F,TATGTGACGGGAGCCAACC,20,19,53.59643523678864,2.8813506299858465,Ba_OkX,57.894736842105274,3,0.15789473684210525,29.0,18.46,18.200000000000006,50.0,44.628550543024225,50.0,4.0,3.25,3.0,F,20_R,CCGATGTGGAAGGTAAG,17,45.67844977780482,5.0366348289979745,52.941176470588246,2,0.0,24.8,15.939999999999998,14.9,100.0,51.76488095238095,50.0,6.0,3.35,3.0,R,S144,BA-BaBTSeqBa007P2--xx-xxx-xxxx-021-SF,Ba,,382
20_F,ATAAGTATGTGACGGGAGCCA,20,21,52.67416695220601,0.30960964306667904,Ba_HighSH,47.61904761904761,3,0.14285714285714285,30.6,19.270000000000003,18.2,50.0,39.30790043290044,40.0,6.0,3.75,3.5,F,20_R,GTTCCGTTGAATAAGCAGTA,20,47.700246320128095,4.664310989011241,40.0,2,0.0,23.6,18.87,20.1,100.0,56.599816849816854,50.0,7.0,4.1,4.0,R,S6,A0706,Ba,,0
20_F,ATAAGTATGTGACGGGAGCCA,20,21,52.67416695220601,0.30960964306667904,Ba_HighSH,47.61904761904761,3,0.14285714285714285,30.6,19.270000000000003,18.2,50.0,39.30790043290044,40.0,6.0,3.75,3.5,F,20_R,GTTCCGTTGAATAAGCAGTA,20,47.700246320128095,4.664310989011241,40.0,2,0.0,23.6,18.87,20.1,100.0,56.599816849816854,50.0,7.0,4.1,4.0,R,S5,A0615,Ba,,0
20_F,ATAAGTATGTGACGGGAGCCA,20,21,52.67416695220601,0.30960964306667904,Ba_HighSH,47.61904761904761,3,0.14285714285714285,30.6,19.270000000000003,18.2,50.0,39.30790043290044,40.0,6.0,3.75,3.5,F,20_R,GTTCCGTTGAATAAGCAGTA,20,47.700246320128095,4.664310989011241,40.0,2,0.0,23.6,18.87,20.1,100.0,56.599816849816854,50.0,7.0,4.1,4.0,R,S4,A0605,Ba,,55
20_F,ATAAGTATGTGACGGGAGCCA,20,21,52.67416695220601,0.30960964306667904,Ba_HighSH,47.61904761904761,3,0.14285714285714285,30.6,19.270000000000003,18.2,50.0,39.30790043290044,40.0,6.0,3.75,3.5,F,20_R,GTTCCGTTGAATAAGCAGTA,20,47.700246320128095,4.664310989011241,40.0,2,0.0,23.6,18.87,20.1,100.0,56.599816849816854,50.0,7.0,4.1,4.0,R,S2,A0330,Ba,,0
20_F,ATAAGTATGTGACGGGAGCCA,20,21,52.67416695220601,0.30960964306667904,Ba_HighSH,47.61904761904761,3,0.14285714285714285,30.6,19.270000000000003,18.2,50.0,39.30790043290044,40.0,6.0,3.75,3.5,F,20_R,GTTCCGTTGAATAAGCAGTA,20,47.700246320128095,4.664310989011241,40.0,2,0.0,23.6,18.87,20.1,100.0,56.599816849816854,50.0,7.0,4.1,4.0,R,S144,BA-BaBTSeqBa007P2--xx-xxx-xxxx-021-SF,Ba,,382
20_F,ATAAGTATGTGACGGGAGCCA,20,21,52.67416695220601,1.1517208440621545,Ba_HighSpec,47.61904761904761,3,0.14285714285714285,26.0,19.160000000000004,18.4,50.0,40.19972041847042,40.0,6.0,3.65,3.0,F,20_R,GTTCCGTTGAATAAGCAGTA,20,47.700246320128095,3.8221997880157663,40.0,2,0.0,23.6,17.94,18.200000000000003,100.0,52.3021978021978,50.0,7.0,4.0,4.0,R,S6,A0706,Ba,,0
20_F,ATAAGTATGTGACGGGAGCCA,20,21,52.67416695220601,1.1517208440621545,Ba_HighSpec,47.61904761904761,3,0.14285714285714285,26.0,19.160000000000004,18.4,50.0,40.19972041847042,40.0,6.0,3.65,3.0,F,20_R,GTTCCGTTGAATAAGCAGTA,20,47.700246320128095,3.8221997880157663,40.0,2,0.0,23.6,17.94,18.200000000000003,100.0,52.3021978021978,50.0,7.0,4.0,4.0,R,S5,A0615,Ba,,0
20_F,ATAAGTATGTGACGGGAGCCA,20,21,52.67416695220601,1.1517208440621545,Ba_HighSpec,47.61904761904761,3,0.14285714285714285,26.0,19.160000000000004,18.4,50.0,40.19972041847042,40.0,6.0,3.65,3.0,F,20_R,GTTCCGTTGAATAAGCAGTA,20,47.700246320128095,3.8221997880157663,40.0,2,0.0,23.6,17.94,18.200000000000003,100.0,52.3021978021978,50.0,7.0,4.0,4.0,R,S4,A0605,Ba,,55
20_F,ATAAGTATGTGACGGGAGCCA,20,21,52.67416695220601,1.1517208440621545,Ba_HighSpec,47.61904761904761,3,0.14285714285714285,26.0,19.160000000000004,18.4,50.0,40.19972041847042,40.0,6.0,3.65,3.0,F,20_R,GTTCCGTTGAATAAGCAGTA,20,47.700246320128095,3.8221997880157663,40.0,2,0.0,23.6,17.94,18.200000000000003,100.0,52.3021978021978,50.0,7.0,4.0,4.0,R,S2,A0330,Ba,,0
20_F,ATAAGTATGTGACGGGAGCCA,20,21,52.67416695220601,1.1517208440621545,Ba_HighSpec,47.61904761904761,3,0.14285714285714285,26.0,19.160000000000004,18.4,50.0,40.19972041847042,40.0,6.0,3.65,3.0,F,20_R,GTTCCGTTGAATAAGCAGTA,20,47.700246320128095,3.8221997880157663,40.0,2,0.0,23.6,17.94,18.200000000000003,100.0,52.3021978021978,50.0,7.0,4.0,4.0,R,S144,BA-BaBTSeqBa007P2--xx-xxx-xxxx-021-SF,Ba,,382
